Name,,"O 1s","O 1s","O 1s",,,,Name,,"C 1s","C 1s","C 1s","C 1s","C 1s",,,,Name,,"Al 2p",,,,
Position,,"532.05","530.90","533.51",,,,Position,,"286.32","284.80","289.01","287.48","290.27",,,,Position,,"74.58",,,,
FWHM,,"1.81","1.81","1.81",,,,FWHM,,"1.44","1.44","1.44","1.44","1.44",,,,FWHM,,"1.52",,,,
Area,,"28639.78","9818.36","1254.84",,,,Area,,"2053.01","8585.36","554.18","718.24","216.87",,,,Area,,"3385.20",,,,
Lineshape,,"GL(30)","GL(30)","LA(50)",,,,Lineshape,,"GL(30)","GL(30)","GL(30)","GL(30)","GL(30)",,,,Lineshape,,"GL(30)",,,,

B.E.,"Cycle 16:O 1s/53:CPS","O 1s/53:O 1s","O 1s/53:O 1s","O 1s/53:O 1s",Background,Envelope,,B.E.,"Cycle 16:C 1s/54:CPS","C 1s/54:C 1s","C 1s/54:C 1s","C 1s/54:C 1s","C 1s/54:C 1s","C 1s/54:C 1s",Background,Envelope,,B.E.,"Cycle 16:Al 2p/55:CPS","Al 2p/55:Al 2p",Background,Envelope,,
5.455400e+002,2.061840e+003,2.061840e+003,2.061840e+003,2.062306e+003,2.061840e+003,2.062306e+003,,3.025400e+002,1.209729e+003,1.209729e+003,1.209729e+003,1.209729e+003,1.209729e+003,1.209729e+003,1.209729e+003,1.209729e+003,,8.854000e+001,2.470687e+002,2.470687e+002,2.470687e+002,2.470687e+002,,
5.454400e+002,2.046003e+003,2.046003e+003,2.046003e+003,2.046477e+003,2.046003e+003,2.046477e+003,,3.024400e+002,1.187909e+003,1.187909e+003,1.187909e+003,1.187909e+003,1.187909e+003,1.187909e+003,1.187909e+003,1.187909e+003,,8.844000e+001,2.370184e+002,2.370184e+002,2.370184e+002,2.370184e+002,,
5.453400e+002,2.149321e+003,2.149321e+003,2.149321e+003,2.149803e+003,2.149321e+003,2.149803e+003,,3.023400e+002,1.223206e+003,1.223206e+003,1.223206e+003,1.223206e+003,1.223206e+003,1.223206e+003,1.223206e+003,1.223206e+003,,8.834000e+001,2.399497e+002,2.399497e+002,2.399497e+002,2.399497e+002,,
5.452400e+002,1.989442e+003,1.989442e+003,1.989442e+003,1.989932e+003,1.989442e+003,1.989932e+003,,3.022400e+002,1.234116e+003,1.234116e+003,1.234116e+003,1.234116e+003,1.234116e+003,1.234116e+003,1.234116e+003,1.234116e+003,,8.824000e+001,2.399497e+002,2.399497e+002,2.399497e+002,2.399497e+002,,
5.451400e+002,2.044495e+003,2.044495e+003,2.044495e+003,2.044993e+003,2.044495e+003,2.044993e+003,,3.021400e+002,1.191760e+003,1.191760e+003,1.191760e+003,1.191760e+003,1.191760e+003,1.191760e+003,1.191760e+003,1.191760e+003,,8.814000e+001,2.361809e+002,2.361809e+002,2.361809e+002,2.361809e+002,,
5.450400e+002,2.047511e+003,2.047511e+003,2.047511e+003,2.048019e+003,2.047511e+003,2.048019e+003,,3.020400e+002,1.223848e+003,1.223848e+003,1.223848e+003,1.223848e+003,1.223848e+003,1.223848e+003,1.223848e+003,1.223848e+003,,8.804000e+001,2.525126e+002,2.525126e+002,2.525126e+002,2.525126e+002,,
5.449400e+002,1.972851e+003,1.972851e+003,1.972851e+003,1.973367e+003,1.972851e+003,1.973367e+003,,3.019400e+002,1.238609e+003,1.238609e+003,1.238609e+003,1.238609e+003,1.238609e+003,1.238609e+003,1.238609e+003,1.238609e+003,,8.794000e+001,2.479062e+002,2.479062e+002,2.479062e+002,2.479062e+002,,
5.448400e+002,1.953997e+003,1.953997e+003,1.953997e+003,1.954523e+003,1.953997e+003,1.954523e+003,,3.018400e+002,1.193043e+003,1.193043e+003,1.193043e+003,1.193043e+003,1.193043e+003,1.193043e+003,1.193043e+003,1.193043e+003,,8.784000e+001,2.278057e+002,2.278057e+002,2.278057e+002,2.278057e+002,,
5.447400e+002,1.969834e+003,1.969834e+003,1.969834e+003,1.970369e+003,1.969834e+003,1.970369e+003,,3.017400e+002,1.228340e+003,1.228340e+003,1.228340e+003,1.228340e+003,1.228340e+003,1.228340e+003,1.228340e+003,1.228340e+003,,8.774000e+001,2.336683e+002,2.336683e+002,2.336683e+002,2.336683e+002,,
5.446400e+002,1.966817e+003,1.966817e+003,1.966817e+003,1.967363e+003,1.966817e+003,1.967363e+003,,3.016400e+002,1.230907e+003,1.230907e+003,1.230907e+003,1.230907e+003,1.230907e+003,1.230907e+003,1.230907e+003,1.230907e+003,,8.764000e+001,2.416248e+002,2.416248e+002,2.416248e+002,2.416248e+002,,
5.445400e+002,1.983409e+003,1.983409e+003,1.983409e+003,1.983964e+003,1.983409e+003,1.983964e+003,,3.015400e+002,1.217430e+003,1.217430e+003,1.217430e+003,1.217430e+003,1.217430e+003,1.217430e+003,1.217430e+003,1.217430e+003,,8.754000e+001,2.294807e+002,2.294807e+002,2.294807e+002,2.294807e+002,,
5.444400e+002,1.941176e+003,1.941176e+003,1.941176e+003,1.941742e+003,1.941176e+003,1.941742e+003,,3.014400e+002,1.211013e+003,1.211013e+003,1.211013e+003,1.211013e+003,1.211013e+003,1.211013e+003,1.211013e+003,1.211013e+003,,8.744000e+001,2.240369e+002,2.240369e+002,2.240369e+002,2.240369e+002,,
5.443400e+002,1.957768e+003,1.957768e+003,1.957768e+003,1.958344e+003,1.957768e+003,1.958344e+003,,3.013400e+002,1.227057e+003,1.227057e+003,1.227057e+003,1.227057e+003,1.227057e+003,1.227057e+003,1.227057e+003,1.227057e+003,,8.734000e+001,2.194305e+002,2.194305e+002,2.194305e+002,2.194305e+002,,
5.442400e+002,1.927602e+003,1.927602e+003,1.927602e+003,1.928189e+003,1.927602e+003,1.928189e+003,,3.012400e+002,1.237325e+003,1.237325e+003,1.237325e+003,1.237325e+003,1.237325e+003,1.237325e+003,1.237325e+003,1.237325e+003,,8.724000e+001,2.185930e+002,2.185930e+002,2.185930e+002,2.185930e+002,,
5.441400e+002,1.917798e+003,1.917798e+003,1.917798e+003,1.918396e+003,1.917798e+003,1.918396e+003,,3.011400e+002,1.187267e+003,1.187267e+003,1.187267e+003,1.187267e+003,1.187267e+003,1.187267e+003,1.187267e+003,1.187267e+003,,8.714000e+001,2.278057e+002,2.278057e+002,2.278057e+002,2.278057e+002,,
5.440400e+002,1.899698e+003,1.899698e+003,1.899698e+003,1.900308e+003,1.899698e+003,1.900308e+003,,3.010400e+002,1.168014e+003,1.168014e+003,1.168014e+003,1.168014e+003,1.168014e+003,1.168014e+003,1.168014e+003,1.168014e+003,,8.704000e+001,2.144054e+002,2.144054e+002,2.144054e+002,2.144054e+002,,
5.439400e+002,1.858220e+003,1.858220e+003,1.858220e+003,1.858842e+003,1.858220e+003,1.858842e+003,,3.009400e+002,1.144911e+003,1.144911e+003,1.144911e+003,1.144911e+003,1.144911e+003,1.144911e+003,1.144911e+003,1.144911e+003,,8.694000e+001,2.261307e+002,2.261307e+002,2.261307e+002,2.261307e+002,,
5.438400e+002,1.855204e+003,1.855204e+003,1.855204e+003,1.855837e+003,1.855204e+003,1.855837e+003,,3.008400e+002,1.183417e+003,1.183417e+003,1.183417e+003,1.183417e+003,1.183417e+003,1.183417e+003,1.183417e+003,1.183417e+003,,8.684000e+001,2.190117e+002,2.190117e+002,2.190117e+002,2.190117e+002,,
5.437400e+002,1.813725e+003,1.813725e+003,1.813725e+003,1.814372e+003,1.813725e+003,1.814372e+003,,3.007400e+002,1.199461e+003,1.199461e+003,1.199461e+003,1.199461e+003,1.199461e+003,1.199461e+003,1.199461e+003,1.199461e+003,,8.674000e+001,2.257119e+002,2.257119e+002,2.257119e+002,2.257119e+002,,
5.436400e+002,1.848416e+003,1.848416e+003,1.848416e+003,1.849076e+003,1.848416e+003,1.849076e+003,,3.006400e+002,1.151970e+003,1.151970e+003,1.151970e+003,1.151970e+003,1.151970e+003,1.151970e+003,1.151970e+003,1.151970e+003,,8.664000e+001,2.156616e+002,2.156616e+002,2.156616e+002,2.156616e+002,,
5.435400e+002,1.815234e+003,1.815234e+003,1.815234e+003,1.815906e+003,1.815234e+003,1.815906e+003,,3.005400e+002,1.156463e+003,1.156463e+003,1.156463e+003,1.156463e+003,1.156463e+003,1.156463e+003,1.156463e+003,1.156463e+003,,8.654000e+001,2.294807e+002,2.294807e+002,2.294807e+002,2.294807e+002,,
5.434400e+002,1.830317e+003,1.830317e+003,1.830317e+003,1.831004e+003,1.830317e+003,1.831004e+003,,3.004400e+002,1.144911e+003,1.144911e+003,1.144911e+003,1.144911e+003,1.144911e+003,1.144911e+003,1.144911e+003,1.144911e+003,,8.644000e+001,2.370184e+002,2.370184e+002,2.370184e+002,2.370184e+002,,
5.433400e+002,1.791855e+003,1.791855e+003,1.791855e+003,1.792556e+003,1.791855e+003,1.792556e+003,,3.003400e+002,1.164806e+003,1.164806e+003,1.164806e+003,1.164806e+003,1.164806e+003,1.164806e+003,1.164806e+003,1.164806e+003,,8.634000e+001,2.081240e+002,2.081240e+002,2.081240e+002,2.081240e+002,,
5.432400e+002,1.827300e+003,1.827300e+003,1.827300e+003,1.828016e+003,1.827300e+003,1.828016e+003,,3.002400e+002,1.139135e+003,1.139135e+003,1.139135e+003,1.139135e+003,1.139135e+003,1.139135e+003,1.139135e+003,1.139135e+003,,8.624000e+001,2.102178e+002,2.102178e+002,2.102178e+002,2.102178e+002,,
5.431400e+002,1.764706e+003,1.764706e+003,1.764706e+003,1.765437e+003,1.764706e+003,1.765437e+003,,3.001400e+002,1.170581e+003,1.170581e+003,1.170581e+003,1.170581e+003,1.170581e+003,1.170581e+003,1.170581e+003,1.170581e+003,,8.614000e+001,1.984925e+002,1.984925e+002,1.984925e+002,1.984925e+002,,
5.430400e+002,1.776772e+003,1.776772e+003,1.776772e+003,1.777519e+003,1.776772e+003,1.777519e+003,,3.000400e+002,1.126941e+003,1.126941e+003,1.126941e+003,1.126941e+003,1.126941e+003,1.126941e+003,1.126941e+003,1.126941e+003,,8.604000e+001,2.181742e+002,2.181742e+002,2.181742e+002,2.181742e+002,,
5.429400e+002,1.785068e+003,1.785068e+003,1.785068e+003,1.785831e+003,1.785068e+003,1.785831e+003,,2.999400e+002,1.142344e+003,1.142344e+003,1.142344e+003,1.142344e+003,1.142344e+003,1.142344e+003,1.142344e+003,1.142344e+003,,8.594000e+001,2.206868e+002,2.206868e+002,2.206868e+002,2.206868e+002,,
5.428400e+002,1.693816e+003,1.693816e+003,1.693816e+003,1.694595e+003,1.693816e+003,1.694595e+003,,2.998400e+002,1.148120e+003,1.148120e+003,1.148120e+003,1.148120e+003,1.148120e+003,1.148120e+003,1.148120e+003,1.148120e+003,,8.584000e+001,2.014238e+002,2.014238e+002,2.014238e+002,2.014238e+002,,
5.427400e+002,1.699095e+003,1.699095e+003,1.699095e+003,1.699892e+003,1.699095e+003,1.699892e+003,,2.997400e+002,1.149403e+003,1.149403e+003,1.149403e+003,1.149403e+003,1.149403e+003,1.149403e+003,1.149403e+003,1.149403e+003,,8.574000e+001,2.039363e+002,2.039363e+002,2.039363e+002,2.039363e+002,,
5.426400e+002,1.717195e+003,1.717195e+003,1.717195e+003,1.718009e+003,1.717195e+003,1.718009e+003,,2.996400e+002,1.124374e+003,1.124374e+003,1.124374e+003,1.124374e+003,1.124374e+003,1.124374e+003,1.124374e+003,1.124374e+003,,8.564000e+001,2.135678e+002,2.135678e+002,2.135678e+002,2.135678e+002,,
5.425400e+002,1.653092e+003,1.653092e+003,1.653092e+003,1.653925e+003,1.653092e+003,1.653925e+003,,2.995400e+002,1.135926e+003,1.135926e+003,1.135926e+003,1.135926e+003,1.135926e+003,1.135926e+003,1.135926e+003,1.135926e+003,,8.554000e+001,2.014238e+002,2.014238e+002,2.014238e+002,2.014238e+002,,
5.424400e+002,1.641780e+003,1.641780e+003,1.641780e+003,1.642632e+003,1.641780e+003,1.642632e+003,,2.994400e+002,1.162238e+003,1.162238e+003,1.162238e+003,1.162238e+003,1.162238e+003,1.162238e+003,1.162238e+003,1.162238e+003,,8.544000e+001,2.014238e+002,2.014238e+002,2.014238e+002,2.014238e+002,,
5.423400e+002,1.620664e+003,1.620664e+003,1.620664e+003,1.621536e+003,1.620664e+003,1.621536e+003,,2.993400e+002,1.137210e+003,1.137210e+003,1.137210e+003,1.137210e+003,1.137210e+003,1.137210e+003,1.137210e+003,1.137210e+003,,8.534000e+001,1.959799e+002,1.959799e+002,1.959799e+002,1.959799e+002,,
5.422400e+002,1.639517e+003,1.639517e+003,1.639517e+003,1.640410e+003,1.639517e+003,1.640410e+003,,2.992400e+002,1.117957e+003,1.117957e+003,1.117957e+003,1.117957e+003,1.117957e+003,1.117957e+003,1.117957e+003,1.117957e+003,,8.524000e+001,1.968174e+002,1.968174e+002,1.968174e+002,1.968174e+002,,
5.421400e+002,1.606335e+003,1.606335e+003,1.606335e+003,1.607248e+003,1.606335e+003,1.607248e+003,,2.991400e+002,1.151970e+003,1.151970e+003,1.151970e+003,1.151970e+003,1.151970e+003,1.151970e+003,1.151970e+003,1.151970e+003,,8.514000e+001,1.972362e+002,1.972362e+002,1.972362e+002,1.972362e+002,,
5.420400e+002,1.653092e+003,1.653092e+003,1.653092e+003,1.654028e+003,1.653092e+003,1.654028e+003,,2.990400e+002,1.119882e+003,1.119882e+003,1.119882e+003,1.119882e+003,1.119882e+003,1.119882e+003,1.119882e+003,1.119882e+003,,8.504000e+001,2.039363e+002,2.039363e+002,2.039363e+002,2.039363e+002,,
5.419400e+002,1.631222e+003,1.631222e+003,1.631222e+003,1.632180e+003,1.631222e+003,1.632180e+003,,2.989400e+002,1.097420e+003,1.097420e+003,1.097420e+003,1.097420e+003,1.097420e+003,1.097420e+003,1.097420e+003,1.097420e+003,,8.494000e+001,2.005863e+002,2.005863e+002,2.005863e+002,2.005863e+002,,
5.418400e+002,1.619155e+003,1.619155e+003,1.619155e+003,1.620137e+003,1.619155e+003,1.620137e+003,,2.988400e+002,1.148120e+003,1.148120e+003,1.148120e+003,1.148120e+003,1.148120e+003,1.148120e+003,1.148120e+003,1.148120e+003,,8.484000e+001,2.010050e+002,2.010050e+002,2.010050e+002,2.010050e+002,,
5.417400e+002,1.641780e+003,1.641780e+003,1.641780e+003,1.642787e+003,1.641780e+003,1.642787e+003,,2.987400e+002,1.117957e+003,1.117957e+003,1.117957e+003,1.117957e+003,1.117957e+003,1.117957e+003,1.117957e+003,1.117957e+003,,8.474000e+001,1.817420e+002,1.817420e+002,1.817420e+002,1.817420e+002,,
5.416400e+002,1.657617e+003,1.657617e+003,1.657617e+003,1.658650e+003,1.657617e+003,1.658650e+003,,2.986400e+002,1.107688e+003,1.107688e+003,1.107688e+003,1.107688e+003,1.107688e+003,1.107688e+003,1.107688e+003,1.107688e+003,,8.464000e+001,1.846734e+002,1.846734e+002,1.846734e+002,1.846734e+002,,
5.415400e+002,1.584465e+003,1.584465e+003,1.584465e+003,1.585523e+003,1.584465e+003,1.585523e+003,,2.985400e+002,1.123733e+003,1.123733e+003,1.123733e+003,1.123733e+003,1.123733e+003,1.123733e+003,1.123733e+003,1.123733e+003,,8.454000e+001,1.855109e+002,1.855109e+002,1.855109e+002,1.855109e+002,,
5.414400e+002,1.582202e+003,1.582202e+003,1.582202e+003,1.583289e+003,1.582202e+003,1.583289e+003,,2.984400e+002,1.129508e+003,1.129508e+003,1.129508e+003,1.129508e+003,1.129508e+003,1.129508e+003,1.129508e+003,1.129508e+003,,8.444000e+001,1.968174e+002,1.968174e+002,1.968174e+002,1.968174e+002,,
5.413400e+002,1.555807e+003,1.555807e+003,1.555807e+003,1.556922e+003,1.555807e+003,1.556922e+003,,2.983400e+002,1.150045e+003,1.150045e+003,1.150045e+003,1.150045e+003,1.150045e+003,1.150045e+003,1.150045e+003,1.150045e+003,,8.434000e+001,1.989112e+002,1.989112e+002,1.989112e+002,1.989112e+002,,
5.412400e+002,1.550528e+003,1.550528e+003,1.550528e+003,1.551672e+003,1.550528e+003,1.551672e+003,,2.982400e+002,1.087794e+003,1.087794e+003,1.087794e+003,1.087794e+003,1.087794e+003,1.087794e+003,1.087794e+003,1.087794e+003,,8.424000e+001,1.850921e+002,1.850921e+002,1.850921e+002,1.850921e+002,,
5.411400e+002,1.523379e+003,1.523379e+003,1.523379e+003,1.524554e+003,1.523379e+003,1.524554e+003,,2.981400e+002,1.091644e+003,1.091644e+003,1.091644e+003,1.091644e+003,1.091644e+003,1.091644e+003,1.091644e+003,1.091644e+003,,8.414000e+001,1.901173e+002,1.901173e+002,1.901173e+002,1.901173e+002,,
5.410400e+002,1.503771e+003,1.503771e+003,1.503771e+003,1.504979e+003,1.503771e+003,1.504979e+003,,2.980400e+002,1.089719e+003,1.089719e+003,1.089719e+003,1.089719e+003,1.089719e+003,1.089719e+003,1.089719e+003,1.089719e+003,,8.404000e+001,1.842546e+002,1.842546e+002,1.842546e+002,1.842546e+002,,
5.409400e+002,1.460030e+003,1.460030e+003,1.460030e+003,1.461272e+003,1.460030e+003,1.461272e+003,,2.979400e+002,1.127583e+003,1.127583e+003,1.127583e+003,1.127583e+003,1.127583e+003,1.127583e+003,1.127583e+003,1.127583e+003,,8.394000e+001,2.060302e+002,2.060302e+002,2.060302e+002,2.060302e+002,,
5.408400e+002,1.465309e+003,1.465309e+003,1.465309e+003,1.466585e+003,1.465309e+003,1.466585e+003,,2.978400e+002,1.062765e+003,1.062765e+003,1.062765e+003,1.062765e+003,1.062765e+003,1.062765e+003,1.062765e+003,1.062765e+003,,8.384000e+001,1.746231e+002,1.746231e+002,1.746231e+002,1.746231e+002,,
5.407400e+002,1.438914e+003,1.438914e+003,1.438914e+003,1.440228e+003,1.438914e+003,1.440228e+003,,2.977400e+002,1.049929e+003,1.049929e+003,1.049929e+003,1.049929e+003,1.049929e+003,1.049929e+003,1.049929e+003,1.049929e+003,,8.374000e+001,1.687605e+002,1.687605e+002,1.687605e+002,1.687605e+002,,
5.406400e+002,1.458522e+003,1.458522e+003,1.458522e+003,1.459874e+003,1.458522e+003,1.459874e+003,,2.976400e+002,1.074958e+003,1.074958e+003,1.074958e+003,1.074958e+003,1.074958e+003,1.074958e+003,1.074958e+003,1.074958e+003,,8.364000e+001,1.838358e+002,1.838358e+002,1.838358e+002,1.838358e+002,,
5.405400e+002,1.481146e+003,1.481146e+003,1.481146e+003,1.482537e+003,1.481146e+003,1.482537e+003,,2.975400e+002,1.115390e+003,1.115390e+003,1.115390e+003,1.115390e+003,1.115390e+003,1.115390e+003,1.115390e+003,1.115390e+003,,8.354000e+001,1.800670e+002,1.800670e+002,1.800670e+002,1.800670e+002,,
5.404400e+002,1.434389e+003,1.434389e+003,1.434389e+003,1.435823e+003,1.434389e+003,1.435823e+003,,2.974400e+002,1.065974e+003,1.065974e+003,1.065974e+003,1.065974e+003,1.065974e+003,1.065974e+003,1.065974e+003,1.065974e+003,,8.344000e+001,1.876047e+002,1.876047e+002,1.876047e+002,1.876047e+002,,
5.403400e+002,1.399698e+003,1.399698e+003,1.399698e+003,1.401176e+003,1.399698e+003,1.401176e+003,,2.973400e+002,1.064048e+003,1.064048e+003,1.064048e+003,1.064048e+003,1.064048e+003,1.064048e+003,1.064048e+003,1.064048e+003,,8.334000e+001,1.767169e+002,1.767169e+002,1.767169e+002,1.767169e+002,,
5.402400e+002,1.469834e+003,1.469834e+003,1.469834e+003,1.471357e+003,1.469834e+003,1.471357e+003,,2.972400e+002,1.054422e+003,1.054422e+003,1.054422e+003,1.054422e+003,1.054422e+003,1.054422e+003,1.054422e+003,1.054422e+003,,8.324000e+001,1.863484e+002,1.863484e+002,1.863484e+002,1.863484e+002,,
5.401400e+002,1.432881e+003,1.432881e+003,1.432881e+003,1.434451e+003,1.432881e+003,1.434451e+003,,2.971400e+002,1.063406e+003,1.063406e+003,1.063406e+003,1.063406e+003,1.063406e+003,1.063406e+003,1.063406e+003,1.063406e+003,,8.314000e+001,1.733668e+002,1.733668e+002,1.733668e+002,1.733668e+002,,
5.400400e+002,1.388386e+003,1.388386e+003,1.388386e+003,1.390008e+003,1.388386e+003,1.390008e+003,,2.970400e+002,1.052496e+003,1.052496e+003,1.052496e+003,1.052496e+003,1.052496e+003,1.052496e+003,1.052496e+003,1.052496e+003,,8.304000e+001,1.628978e+002,1.628978e+002,1.628978e+002,1.628978e+002,,
5.399400e+002,1.386878e+003,1.386878e+003,1.386878e+003,1.388552e+003,1.386878e+003,1.388552e+003,,2.969400e+002,9.870363e+002,9.870363e+002,9.870363e+002,9.870363e+002,9.870363e+002,9.870363e+002,9.870363e+002,9.870363e+002,,8.294000e+001,1.867672e+002,1.867672e+002,1.867672e+002,1.867672e+002,,
5.398400e+002,1.410256e+003,1.410256e+003,1.410256e+003,1.411984e+003,1.410256e+003,1.411984e+003,,2.968400e+002,1.022975e+003,1.022975e+003,1.022975e+003,1.022975e+003,1.022975e+003,1.022975e+003,1.022975e+003,1.022975e+003,,8.284000e+001,1.855109e+002,1.855109e+002,1.855109e+002,1.855109e+002,,
5.397400e+002,1.373303e+003,1.373303e+003,1.373303e+003,1.375092e+003,1.373303e+003,1.375092e+003,,2.967400e+002,1.046079e+003,1.046079e+003,1.046079e+003,1.046079e+003,1.046079e+003,1.046079e+003,1.046079e+003,1.046079e+003,,8.274000e+001,1.796482e+002,1.796482e+002,1.796482e+002,1.796482e+002,,
5.396400e+002,1.365762e+003,1.365762e+003,1.365762e+003,1.367612e+003,1.365762e+003,1.367612e+003,,2.966400e+002,1.011423e+003,1.011423e+003,1.011423e+003,1.011423e+003,1.011423e+003,1.011423e+003,1.011423e+003,1.011423e+003,,8.264000e+001,2.005863e+002,2.005863e+002,2.005863e+002,2.005863e+002,,
5.395400e+002,1.373303e+003,1.373303e+003,1.373303e+003,1.375215e+003,1.373303e+003,1.375215e+003,,2.965400e+002,1.064690e+003,1.064690e+003,1.064690e+003,1.064690e+003,1.064690e+003,1.064690e+003,1.064690e+003,1.064690e+003,,8.254000e+001,1.809045e+002,1.809045e+002,1.809045e+002,1.809045e+002,,
5.394400e+002,1.272247e+003,1.272247e+003,1.272247e+003,1.274229e+003,1.272247e+003,1.274229e+003,,2.964400e+002,1.044795e+003,1.044795e+003,1.044795e+003,1.044795e+003,1.044795e+003,1.044795e+003,1.044795e+003,1.044795e+003,,8.244000e+001,1.850921e+002,1.850921e+002,1.850921e+002,1.850921e+002,,
5.393400e+002,1.305430e+003,1.305430e+003,1.305430e+003,1.307485e+003,1.305430e+003,1.307485e+003,,2.963400e+002,1.001797e+003,1.001797e+003,1.001797e+003,1.001797e+003,1.001797e+003,1.001797e+003,1.001797e+003,1.001797e+003,,8.234000e+001,1.825796e+002,1.825796e+002,1.825796e+002,1.825796e+002,,
5.392400e+002,1.388386e+003,1.388386e+003,1.388386e+003,1.390515e+003,1.388386e+003,1.390515e+003,,2.962400e+002,1.052496e+003,1.052496e+003,1.052496e+003,1.052496e+003,1.052496e+003,1.052496e+003,1.052496e+003,1.052496e+003,,8.224000e+001,1.666667e+002,1.666667e+002,1.666667e+002,1.666667e+002,,
5.391400e+002,1.303167e+003,1.303167e+003,1.303167e+003,1.305376e+003,1.303167e+003,1.305376e+003,,2.961400e+002,1.026184e+003,1.026184e+003,1.026184e+003,1.026184e+003,1.026184e+003,1.026184e+003,1.026184e+003,1.026184e+003,,8.214000e+001,1.746231e+002,1.746231e+002,1.746231e+002,1.746231e+002,,
5.390400e+002,1.254902e+003,1.254902e+003,1.254902e+003,1.257199e+003,1.254902e+003,1.257199e+003,,2.960400e+002,1.013349e+003,1.013349e+003,1.013349e+003,1.013349e+003,1.013349e+003,1.013349e+003,1.013349e+003,1.013349e+003,,8.204000e+001,1.779732e+002,1.779732e+002,1.779732e+002,1.779732e+002,,
5.389400e+002,1.307692e+003,1.307692e+003,1.307692e+003,1.310077e+003,1.307692e+003,1.310077e+003,,2.959400e+002,1.037094e+003,1.037094e+003,1.037094e+003,1.037094e+003,1.037094e+003,1.037094e+003,1.037094e+003,1.037094e+003,,8.194000e+001,1.754606e+002,1.754606e+002,1.754606e+002,1.754606e+002,,
5.388400e+002,1.246606e+003,1.246606e+003,1.246606e+003,1.249082e+003,1.246606e+003,1.249082e+003,,2.958400e+002,1.044795e+003,1.044795e+003,1.044795e+003,1.044795e+003,1.044795e+003,1.044795e+003,1.044795e+003,1.044795e+003,,8.184000e+001,1.641541e+002,1.641541e+002,1.641541e+002,1.641541e+002,,
5.387400e+002,1.231523e+003,1.231523e+003,1.231523e+003,1.234107e+003,1.231523e+003,1.234107e+003,,2.957400e+002,1.001797e+003,1.001797e+003,1.001797e+003,1.001797e+003,1.001797e+003,1.001797e+003,1.001797e+003,1.001797e+003,,8.174000e+001,1.758794e+002,1.758794e+002,1.758794e+002,1.758794e+002,,
5.386400e+002,1.226244e+003,1.226244e+003,1.226244e+003,1.228936e+003,1.226244e+003,1.228936e+003,,2.956400e+002,1.008856e+003,1.008856e+003,1.008856e+003,1.008856e+003,1.008856e+003,1.008856e+003,1.008856e+003,1.008856e+003,,8.164000e+001,1.637353e+002,1.637353e+002,1.637353e+002,1.637353e+002,,
5.385400e+002,1.226998e+003,1.226998e+003,1.226998e+003,1.229799e+003,1.226998e+003,1.229799e+003,,2.955400e+002,1.033885e+003,1.033885e+003,1.033885e+003,1.033885e+003,1.033885e+003,1.033885e+003,1.033885e+003,1.033885e+003,,8.154000e+001,1.603853e+002,1.603853e+002,1.603853e+002,1.603853e+002,,
5.384400e+002,1.215686e+003,1.215686e+003,1.215686e+003,1.218615e+003,1.215686e+003,1.218615e+003,,2.954400e+002,9.947375e+002,9.947375e+002,9.947375e+002,9.947375e+002,9.947375e+002,9.947375e+002,9.947375e+002,9.947375e+002,,8.144000e+001,1.624791e+002,1.624791e+002,1.624791e+002,1.624791e+002,,
5.383400e+002,1.188537e+003,1.188537e+003,1.188537e+003,1.191601e+003,1.188537e+003,1.191601e+003,,2.953400e+002,9.754845e+002,9.754845e+002,9.754845e+002,9.754845e+002,9.754845e+002,9.754845e+002,9.754845e+002,9.754845e+002,,8.134000e+001,1.762982e+002,1.762982e+002,1.762982e+002,1.762982e+002,,
5.382400e+002,1.232278e+003,1.232278e+003,1.232278e+003,1.235476e+003,1.232278e+003,1.235476e+003,,2.952400e+002,1.005648e+003,1.005648e+003,1.005648e+003,1.005648e+003,1.005648e+003,1.005648e+003,1.005648e+003,1.005648e+003,,8.124000e+001,1.658291e+002,1.658291e+002,1.658291e+002,1.658291e+002,,
5.381400e+002,1.179487e+003,1.179487e+003,1.179487e+003,1.182836e+003,1.179487e+003,1.182836e+003,,2.951400e+002,1.007573e+003,1.007573e+003,1.007573e+003,1.007573e+003,1.007573e+003,1.007573e+003,1.007573e+003,1.007573e+003,,8.114000e+001,1.574539e+002,1.574539e+002,1.574539e+002,1.574539e+002,,
5.380400e+002,1.228507e+003,1.228507e+003,1.228507e+003,1.232026e+003,1.228507e+003,1.232026e+003,,2.950400e+002,1.008856e+003,1.008856e+003,1.008856e+003,1.008856e+003,1.008856e+003,1.008856e+003,1.008856e+003,1.008856e+003,,8.104000e+001,1.683417e+002,1.683417e+002,1.683417e+002,1.683417e+002,,
5.379400e+002,1.208899e+003,1.208899e+003,1.208899e+003,1.212589e+003,1.208899e+003,1.212589e+003,,2.949400e+002,9.742010e+002,9.742010e+002,9.742010e+002,9.742010e+002,9.742010e+002,9.742010e+002,9.742010e+002,9.742010e+002,,8.094000e+001,1.574539e+002,1.574539e+002,1.574539e+002,1.574539e+002,,
5.378400e+002,1.169683e+003,1.169683e+003,1.169683e+003,1.173549e+003,1.169683e+003,1.173549e+003,,2.948400e+002,9.908869e+002,9.908869e+002,9.908869e+002,9.908869e+002,9.908869e+002,9.908869e+002,9.908869e+002,9.908869e+002,,8.084000e+001,1.566164e+002,1.566164e+002,1.566164e+002,1.566164e+002,,
5.377400e+002,1.248869e+003,1.248869e+003,1.248869e+003,1.252957e+003,1.248869e+003,1.252957e+003,,2.947400e+002,1.021692e+003,1.021692e+003,1.021692e+003,1.021692e+003,1.021692e+003,1.021692e+003,1.021692e+003,1.021692e+003,,8.074000e+001,1.599665e+002,1.599665e+002,1.599665e+002,1.599665e+002,,
5.376400e+002,1.186275e+003,1.186275e+003,1.186275e+003,1.190585e+003,1.186275e+003,1.190585e+003,,2.946400e+002,9.908869e+002,9.908869e+002,9.908869e+002,9.908869e+002,9.908869e+002,9.908869e+002,9.908869e+002,9.908869e+002,,8.064000e+001,1.566164e+002,1.566164e+002,1.566164e+002,1.566164e+002,,
5.375400e+002,1.218703e+003,1.218703e+003,1.218703e+003,1.223235e+003,1.218703e+003,1.223236e+003,,2.945400e+002,9.902452e+002,9.902452e+002,9.902452e+002,9.902452e+002,9.902452e+002,9.902452e+002,9.902452e+002,9.902452e+002,,8.054000e+001,1.553601e+002,1.553601e+002,1.553601e+002,1.553601e+002,,
5.374400e+002,1.205128e+003,1.205128e+003,1.205128e+003,1.209940e+003,1.205128e+003,1.209940e+003,,2.944400e+002,9.889616e+002,9.889616e+002,9.889616e+002,9.889616e+002,9.889616e+002,9.889616e+002,9.889616e+002,9.889616e+002,,8.044000e+001,1.683417e+002,1.683417e+002,1.683417e+002,1.683417e+002,,
5.373400e+002,1.226244e+003,1.226245e+003,1.226244e+003,1.231354e+003,1.226244e+003,1.231354e+003,,2.943400e+002,9.639327e+002,9.639327e+002,9.639327e+002,9.639327e+002,9.639327e+002,9.639328e+002,9.639327e+002,9.639328e+002,,8.034000e+001,1.628978e+002,1.628978e+002,1.628978e+002,1.628978e+002,,
5.372400e+002,1.196833e+003,1.196833e+003,1.196833e+003,1.202240e+003,1.196833e+003,1.202240e+003,,2.942400e+002,9.376203e+002,9.376203e+002,9.376203e+002,9.376203e+002,9.376203e+002,9.376203e+002,9.376203e+002,9.376203e+002,,8.024000e+001,1.641541e+002,1.641541e+002,1.641541e+002,1.641541e+002,,
5.371400e+002,1.163650e+003,1.163651e+003,1.163650e+003,1.169404e+003,1.163650e+003,1.169405e+003,,2.941400e+002,1.005648e+003,1.005648e+003,1.005648e+003,1.005648e+003,1.005648e+003,1.005648e+003,1.005648e+003,1.005648e+003,,8.014000e+001,1.465662e+002,1.465662e+002,1.465662e+002,1.465662e+002,,
5.370400e+002,1.150830e+003,1.150831e+003,1.150830e+003,1.157000e+003,1.150830e+003,1.157002e+003,,2.940400e+002,9.761263e+002,9.761263e+002,9.761263e+002,9.761263e+002,9.761263e+002,9.761264e+002,9.761263e+002,9.761264e+002,,8.004000e+001,1.616415e+002,1.616415e+002,1.616415e+002,1.616415e+002,,
5.369400e+002,1.177979e+003,1.177982e+003,1.177979e+003,1.184567e+003,1.177979e+003,1.184570e+003,,2.939400e+002,1.015274e+003,1.015274e+003,1.015274e+003,1.015274e+003,1.015274e+003,1.015274e+003,1.015274e+003,1.015274e+003,,7.994000e+001,1.624791e+002,1.624791e+002,1.624791e+002,1.624791e+002,,
5.368400e+002,1.156863e+003,1.156868e+003,1.156863e+003,1.163883e+003,1.156863e+003,1.163888e+003,,2.938400e+002,1.002439e+003,1.002439e+003,1.002439e+003,1.002439e+003,1.002439e+003,1.002439e+003,1.002439e+003,1.002439e+003,,7.984000e+001,1.624791e+002,1.624791e+002,1.624791e+002,1.624791e+002,,
5.367400e+002,1.214932e+003,1.214942e+003,1.214932e+003,1.222580e+003,1.214932e+003,1.222590e+003,,2.937400e+002,9.562315e+002,9.562315e+002,9.562315e+002,9.562315e+002,9.562315e+002,9.562321e+002,9.562315e+002,9.562321e+002,,7.974000e+001,1.737856e+002,1.737856e+002,1.737856e+002,1.737856e+002,,
5.366400e+002,1.173454e+003,1.173471e+003,1.173454e+003,1.181729e+003,1.173454e+003,1.181746e+003,,2.936400e+002,9.742010e+002,9.742010e+002,9.742010e+002,9.742010e+002,9.742010e+002,9.742020e+002,9.742010e+002,9.742020e+002,,7.964000e+001,1.528476e+002,1.528476e+002,1.528476e+002,1.528476e+002,,
5.365400e+002,1.200603e+003,1.200633e+003,1.200603e+003,1.209506e+003,1.200603e+003,1.209535e+003,,2.935400e+002,9.703504e+002,9.703504e+002,9.703504e+002,9.703504e+002,9.703504e+002,9.703524e+002,9.703504e+002,9.703524e+002,,7.954000e+001,1.587102e+002,1.587102e+002,1.587102e+002,1.587102e+002,,
5.364400e+002,1.147059e+003,1.147108e+003,1.147059e+003,1.156918e+003,1.147059e+003,1.156967e+003,,2.934400e+002,9.517392e+002,9.517392e+002,9.517392e+002,9.517392e+002,9.517392e+002,9.517428e+002,9.517392e+002,9.517428e+002,,7.944000e+001,1.637353e+002,1.637353e+002,1.637353e+002,1.637353e+002,,
5.363400e+002,1.211916e+003,1.211999e+003,1.211916e+003,1.222848e+003,1.211916e+003,1.222931e+003,,2.933400e+002,1.011423e+003,1.011423e+003,1.011423e+003,1.011423e+003,1.011423e+003,1.011430e+003,1.011423e+003,1.011430e+003,,7.934000e+001,1.666667e+002,1.666667e+002,1.666667e+002,1.666667e+002,,
5.362400e+002,1.217949e+003,1.218086e+003,1.217949e+003,1.229955e+003,1.217949e+003,1.230092e+003,,2.932400e+002,9.491721e+002,9.491721e+002,9.491721e+002,9.491721e+002,9.491721e+002,9.491838e+002,9.491721e+002,9.491838e+002,,7.924000e+001,1.658291e+002,1.658292e+002,1.658291e+002,1.658292e+002,,
5.361400e+002,1.229261e+003,1.229486e+003,1.229261e+003,1.242757e+003,1.229261e+003,1.242982e+003,,2.931400e+002,9.754845e+002,9.754845e+002,9.754845e+002,9.754845e+002,9.754845e+002,9.755050e+002,9.754845e+002,9.755050e+002,,7.914000e+001,1.675042e+002,1.675042e+002,1.675042e+002,1.675042e+002,,
5.360400e+002,1.220965e+003,1.221332e+003,1.220966e+003,1.236576e+003,1.220965e+003,1.236943e+003,,2.930400e+002,9.735592e+002,9.735592e+002,9.735592e+002,9.735593e+002,9.735592e+002,9.735945e+002,9.735592e+002,9.735945e+002,,7.904000e+001,1.649916e+002,1.649917e+002,1.649916e+002,1.649917e+002,,
5.359400e+002,1.214932e+003,1.215524e+003,1.214933e+003,1.232092e+003,1.214932e+003,1.232684e+003,,2.929400e+002,9.607239e+002,9.607239e+002,9.607239e+002,9.607240e+002,9.607239e+002,9.607840e+002,9.607239e+002,9.607841e+002,,7.894000e+001,1.654104e+002,1.654105e+002,1.654104e+002,1.654105e+002,,
5.358400e+002,1.217195e+003,1.218138e+003,1.217195e+003,1.237094e+003,1.217195e+003,1.238038e+003,,2.928400e+002,9.690669e+002,9.690669e+002,9.690669e+002,9.690670e+002,9.690669e+002,9.691674e+002,9.690669e+002,9.691675e+002,,7.884000e+001,1.490787e+002,1.490789e+002,1.490787e+002,1.490789e+002,,
5.357400e+002,1.209653e+003,1.211140e+003,1.209655e+003,1.233040e+003,1.209653e+003,1.234528e+003,,2.927400e+002,9.600821e+002,9.600821e+002,9.600821e+002,9.600824e+002,9.600821e+002,9.602470e+002,9.600821e+002,9.602472e+002,,7.874000e+001,1.603853e+002,1.603856e+002,1.603853e+002,1.603856e+002,,
5.356400e+002,1.246606e+003,1.248925e+003,1.246609e+003,1.274457e+003,1.246606e+003,1.276778e+003,,2.926400e+002,9.305609e+002,9.305609e+002,9.305609e+002,9.305614e+002,9.305609e+002,9.308287e+002,9.305609e+002,9.308292e+002,,7.864000e+001,1.737856e+002,1.737862e+002,1.737856e+002,1.737862e+002,,
5.355400e+002,1.245852e+003,1.249429e+003,1.245857e+003,1.279426e+003,1.245852e+003,1.283008e+003,,2.925400e+002,9.389039e+002,9.389039e+002,9.389039e+002,9.389048e+002,9.389039e+002,9.393307e+002,9.389039e+002,9.393316e+002,,7.854000e+001,1.591290e+002,1.591302e+002,1.591290e+002,1.591302e+002,,
5.354400e+002,1.218703e+003,1.251052e+003,1.245599e+003,1.286491e+003,1.245591e+003,1.291959e+003,,2.924400e+002,9.652163e+002,9.652163e+002,9.652163e+002,9.652181e+002,9.652163e+002,9.658838e+002,9.652163e+002,9.658856e+002,,7.844000e+001,1.511725e+002,1.511750e+002,1.511725e+002,1.511750e+002,,
5.353400e+002,1.272247e+003,1.253837e+003,1.245595e+003,1.295809e+003,1.245582e+003,1.304077e+003,,2.923400e+002,9.363368e+002,9.363368e+002,9.363368e+002,9.363402e+002,9.363368e+002,9.373698e+002,9.363368e+002,9.373732e+002,,7.834000e+001,1.704355e+002,1.704401e+002,1.704355e+002,1.704401e+002,,
5.352400e+002,1.299397e+003,1.257953e+003,1.245584e+003,1.307569e+003,1.245563e+003,1.319981e+003,,2.922400e+002,9.600821e+002,9.600821e+002,9.600821e+002,9.600885e+002,9.600821e+002,9.616513e+002,9.600821e+002,9.616577e+002,,7.824000e+001,1.762982e+002,1.763067e+002,1.762982e+002,1.763067e+002,,
5.351400e+002,1.306184e+003,1.263936e+003,1.245577e+003,1.322262e+003,1.245541e+003,1.340692e+003,,2.921400e+002,9.780516e+002,9.780516e+002,9.780516e+002,9.780632e+002,9.780516e+002,9.803921e+002,9.780516e+002,9.804037e+002,,7.814000e+001,1.553601e+002,1.553758e+002,1.553601e+002,1.553758e+002,,
5.350400e+002,1.368778e+003,1.272512e+003,1.245557e+003,1.340356e+003,1.245498e+003,1.367429e+003,,2.920400e+002,9.581568e+002,9.581568e+002,9.581568e+002,9.581776e+002,9.581568e+002,9.616048e+002,9.581568e+002,9.616256e+002,,7.804000e+001,1.591290e+002,1.591575e+002,1.591290e+002,1.591575e+002,,
5.349400e+002,1.434389e+003,1.284683e+003,1.245528e+003,1.362300e+003,1.245431e+003,1.401648e+003,,2.919400e+002,9.158003e+002,9.437957e+002,9.437957e+002,9.438326e+002,9.437957e+002,9.487850e+002,9.437957e+002,9.488220e+002,,7.794000e+001,1.628978e+002,1.629484e+002,1.628978e+002,1.629484e+002,,
5.348400e+002,1.452489e+003,1.301790e+003,1.245514e+003,1.388477e+003,1.245358e+003,1.445065e+003,,2.918400e+002,9.575151e+002,9.437818e+002,9.437818e+002,9.438462e+002,9.437818e+002,9.508720e+002,9.437818e+002,9.509364e+002,,7.784000e+001,1.641541e+002,1.642435e+002,1.641541e+002,1.642435e+002,,
5.347400e+002,1.469834e+003,1.325565e+003,1.245529e+003,1.419104e+003,1.245279e+003,1.499640e+003,,2.917400e+002,9.356950e+002,9.437736e+002,9.437736e+002,9.438838e+002,9.437736e+002,9.537074e+002,9.437736e+002,9.538176e+002,,7.774000e+001,1.503350e+002,1.639710e+002,1.638167e+002,1.639710e+002,,
5.346400e+002,1.596531e+003,1.358193e+003,1.245552e+003,1.454149e+003,1.245155e+003,1.567584e+003,,2.916400e+002,9.908869e+002,9.437258e+002,9.437258e+002,9.439125e+002,9.437258e+002,9.573970e+002,9.437258e+002,9.575837e+002,,7.764000e+001,1.754606e+002,1.637428e+002,1.634786e+002,1.637428e+002,,
5.345400e+002,1.682504e+003,1.402725e+003,1.245624e+003,1.493360e+003,1.245000e+003,1.651708e+003,,2.915400e+002,9.581568e+002,9.437112e+002,9.437112e+002,9.440215e+002,9.437112e+002,9.621823e+002,9.437112e+002,9.624926e+002,,7.754000e+001,1.679229e+002,1.635839e+002,1.631399e+002,1.635839e+002,,
5.344400e+002,1.749623e+003,1.462863e+003,1.245790e+003,1.536159e+003,1.244822e+003,1.755169e+003,,2.914400e+002,9.703504e+002,9.436841e+002,9.436841e+002,9.441901e+002,9.436842e+002,9.682379e+002,9.436841e+002,9.687438e+002,,7.744000e+001,1.603853e+002,1.611229e+002,1.603853e+002,1.611229e+002,,
5.343400e+002,1.876320e+003,1.542803e+003,1.246086e+003,1.581592e+003,1.244599e+003,1.881282e+003,,2.913400e+002,9.645745e+002,9.436630e+002,9.436630e+002,9.444799e+002,9.436631e+002,9.756957e+002,9.436630e+002,9.765128e+002,,7.734000e+001,1.821608e+002,1.613348e+002,1.601290e+002,1.613348e+002,,
5.342400e+002,2.049020e+003,1.647812e+003,1.246575e+003,1.628362e+003,1.244315e+003,2.034119e+003,,2.912400e+002,9.915287e+002,9.436144e+002,9.436144e+002,9.449086e+002,9.436147e+002,9.845946e+002,9.436144e+002,9.858890e+002,,7.724000e+001,1.813233e+002,1.618168e+002,1.598725e+002,1.618168e+002,,
5.341400e+002,2.251885e+003,1.784125e+003,1.247357e+003,1.674874e+003,1.243959e+003,2.218437e+003,,2.911400e+002,1.001155e+003,9.435560e+002,9.435560e+002,9.455682e+002,9.435566e+002,9.949976e+002,9.435560e+002,9.970103e+002,,7.714000e+001,1.679229e+002,1.627070e+002,1.596158e+002,1.627070e+002,,
5.340400e+002,2.472097e+003,1.958955e+003,1.248601e+003,1.719301e+003,1.243526e+003,2.439806e+003,,2.910400e+002,9.928122e+002,9.435061e+002,9.435061e+002,9.466007e+002,9.435071e+002,1.006752e+003,9.435061e+002,1.009847e+003,,7.704000e+001,1.809045e+002,1.641981e+002,1.593586e+002,1.641981e+002,,
5.339400e+002,2.668929e+003,2.180460e+003,1.250524e+003,1.759715e+003,1.243022e+003,2.704654e+003,,2.909400e+002,1.021050e+003,9.434274e+002,9.434274e+002,9.481002e+002,9.434294e+002,1.019512e+003,9.434274e+002,1.024187e+003,,7.694000e+001,1.863484e+002,1.665838e+002,1.591012e+002,1.665838e+002,,
5.338400e+002,2.972097e+003,2.457543e+003,1.253381e+003,1.794154e+003,1.242412e+003,3.020254e+003,,2.908400e+002,1.067899e+003,9.433012e+002,9.433012e+002,9.502292e+002,9.433049e+002,1.032799e+003,9.433012e+002,1.039731e+003,,7.684000e+001,1.930486e+002,1.702199e+002,1.588437e+002,1.702199e+002,,
5.337400e+002,3.453997e+003,2.801311e+003,1.257498e+003,1.820802e+003,1.241631e+003,3.396350e+003,,2.907400e+002,1.067899e+003,9.431748e+002,9.431748e+002,9.533175e+002,9.431818e+002,1.045966e+003,9.431748e+002,1.056116e+003,,7.674000e+001,1.943049e+002,1.756865e+002,1.585860e+002,1.756865e+002,,
5.336400e+002,3.827300e+003,3.220627e+003,1.263430e+003,1.838261e+003,1.240717e+003,3.840883e+003,,2.906400e+002,1.055064e+003,9.430613e+002,9.430613e+002,9.576479e+002,9.430742e+002,1.058238e+003,9.430613e+002,1.072838e+003,,7.664000e+001,2.081240e+002,1.835806e+002,1.583282e+002,1.835806e+002,,
5.335400e+002,4.279789e+003,3.724174e+003,1.271814e+003,1.845510e+003,1.239644e+003,4.362210e+003,,2.905400e+002,1.087794e+003,9.429145e+002,9.429145e+002,9.635158e+002,9.429378e+002,1.068645e+003,9.429145e+002,1.089270e+003,,7.654000e+001,2.307370e+002,1.949622e+002,1.580705e+002,1.949622e+002,,
5.334400e+002,4.893665e+003,4.319735e+003,1.283446e+003,1.842034e+003,1.238354e+003,4.968507e+003,,2.904400e+002,1.103838e+003,9.427513e+002,9.427512e+002,9.714296e+002,9.427926e+002,1.076349e+003,9.427512e+002,1.105069e+003,,7.644000e+001,2.340871e+002,2.107249e+002,1.578130e+002,2.107249e+002,,
5.333400e+002,5.704374e+003,5.012852e+003,1.299357e+003,1.827884e+003,1.236777e+003,5.666540e+003,,2.903400e+002,1.150045e+003,9.425411e+002,9.425410e+002,9.817545e+002,9.426137e+002,1.080695e+003,9.425410e+002,1.119981e+003,,7.634000e+001,2.349246e+002,2.326474e+002,1.575558e+002,2.326474e+002,,
5.332400e+002,6.422323e+003,5.805825e+003,1.321069e+003,1.803781e+003,1.234945e+003,6.460785e+003,,2.902400e+002,1.087152e+003,9.423945e+002,9.423943e+002,9.950294e+002,9.425195e+002,1.081289e+003,9.423943e+002,1.134050e+003,,7.624000e+001,2.822446e+002,2.619358e+002,1.572989e+002,2.619358e+002,,
5.331400e+002,7.414781e+003,6.696256e+003,1.350017e+003,1.770817e+003,1.232763e+003,7.351565e+003,,2.901400e+002,1.156463e+003,9.421776e+002,9.421771e+002,1.011665e+003,9.423888e+002,1.077939e+003,9.421771e+002,1.147640e+003,,7.614000e+001,3.241206e+002,3.011125e+002,1.570427e+002,3.011125e+002,,
5.330400e+002,8.421569e+003,7.676205e+003,1.388157e+003,1.730573e+003,1.230224e+003,8.334487e+003,,2.900400e+002,1.180208e+003,9.419366e+002,9.419357e+002,1.031954e+003,9.422901e+002,1.071058e+003,9.419357e+002,1.161431e+003,,7.604000e+001,3.664154e+002,3.517094e+002,1.567875e+002,3.517094e+002,,
5.329400e+002,9.490196e+003,8.731791e+003,1.437760e+003,1.684868e+003,1.227307e+003,9.399805e+003,,2.899400e+002,1.144269e+003,9.417323e+002,9.417304e+002,1.056059e+003,9.423124e+002,1.061223e+003,9.417304e+002,1.176136e+003,,7.594000e+001,4.124791e+002,4.166434e+002,1.565337e+002,4.166434e+002,,
5.328400e+002,1.052564e+004,9.837393e+003,1.501464e+003,1.635661e+003,1.224023e+003,1.052647e+004,,2.898400e+002,1.185342e+003,9.414870e+002,9.414833e+002,1.083901e+003,9.424210e+002,1.049182e+003,9.414833e+002,1.192541e+003,,7.584000e+001,4.949749e+002,4.975153e+002,1.562816e+002,4.975153e+002,,
5.327400e+002,1.176998e+004,1.096181e+004,1.582119e+003,1.584782e+003,1.220299e+003,1.168811e+004,,2.897400e+002,1.236042e+003,9.411916e+002,9.411845e+002,1.114887e+003,9.426804e+002,1.035845e+003,9.411845e+002,1.211050e+003,,7.574000e+001,5.979899e+002,5.968081e+002,1.560319e+002,5.968081e+002,,
5.326400e+002,1.278205e+004,1.206680e+004,1.682970e+003,1.534048e+003,1.216216e+003,1.285139e+004,,2.896400e+002,1.234116e+003,9.409007e+002,9.408874e+002,1.148115e+003,9.432289e+002,1.022089e+003,9.408874e+002,1.231672e+003,,7.564000e+001,7.223618e+002,7.154032e+002,1.557855e+002,7.154032e+002,,
5.325400e+002,1.395551e+004,1.310839e+004,1.807616e+003,1.484867e+003,1.211717e+003,1.397744e+004,,2.895400e+002,1.253369e+003,9.405952e+002,9.405704e+002,1.182190e+003,9.441681e+002,1.008647e+003,9.405704e+002,1.253889e+003,,7.554000e+001,8.220268e+002,8.539386e+002,1.555433e+002,8.539386e+002,,
5.324400e+002,1.483635e+004,1.403976e+004,1.959584e+003,1.438481e+003,1.206906e+003,1.502401e+004,,2.894400e+002,1.293159e+003,9.402582e+002,9.402128e+002,1.215169e+003,9.456791e+002,9.960371e+002,9.402128e+002,1.276505e+003,,7.544000e+001,1.028476e+003,1.011208e+003,1.553060e+002,1.011208e+003,,
5.323400e+002,1.578884e+004,1.481449e+004,2.141443e+003,1.395652e+003,1.201756e+003,1.594807e+004,,2.893400e+002,1.284816e+003,9.399447e+002,9.398632e+002,1.244999e+003,9.480180e+002,9.846872e+002,9.398632e+002,1.298059e+003,,7.534000e+001,1.170017e+003,1.184335e+003,1.550754e+002,1.184335e+003,,
5.322400e+002,1.673002e+004,1.538827e+004,2.355582e+003,1.356832e+003,1.196272e+003,1.670814e+004,,2.892400e+002,1.332307e+003,9.396092e+002,9.394652e+002,1.269247e+003,9.514114e+002,9.747623e+002,9.394652e+002,1.316634e+003,,7.524000e+001,1.369347e+003,1.368405e+003,1.548525e+002,1.368405e+003,,
5.321400e+002,1.752112e+004,1.572544e+004,2.603503e+003,1.322221e+003,1.190507e+003,1.727015e+004,,2.891400e+002,1.338082e+003,9.393123e+002,9.390609e+002,1.285886e+003,9.563354e+002,9.663107e+002,9.390608e+002,1.330662e+003,,7.514000e+001,1.544807e+003,1.556156e+003,1.546389e+002,1.556156e+003,,
5.320400e+002,1.774057e+004,1.580994e+004,2.885521e+003,1.291919e+003,1.184663e+003,1.761806e+004,,2.890400e+002,1.356052e+003,9.390682e+002,9.386379e+002,1.293555e+003,9.631752e+002,9.592843e+002,9.386378e+002,1.339169e+003,,7.504000e+001,1.757119e+003,1.738179e+003,1.544359e+002,1.738179e+003,,
5.319400e+002,1.769985e+004,1.563668e+004,3.200077e+003,1.265730e+003,1.178830e+003,1.774482e+004,,2.889400e+002,1.307278e+003,9.389886e+002,9.382641e+002,1.291347e+003,9.724910e+002,9.536469e+002,9.382639e+002,1.341682e+003,,7.494000e+001,1.927554e+003,1.904346e+003,1.542452e+002,1.904346e+003,,
5.318400e+002,1.764781e+004,1.521569e+004,3.543355e+003,1.243253e+003,1.173014e+003,1.765627e+004,,2.888400e+002,1.296368e+003,9.391065e+002,9.379011e+002,1.279424e+003,9.849387e+002,9.491515e+002,9.379007e+002,1.338919e+003,,7.484000e+001,2.049414e+003,2.042337e+003,1.540682e+002,2.042337e+003,,
5.317400e+002,1.722021e+004,1.457130e+004,3.909463e+003,1.224146e+003,1.167347e+003,1.737021e+004,,2.887400e+002,1.333590e+003,9.394668e+002,9.375001e+002,1.258989e+003,1.000982e+003,9.455841e+002,9.374993e+002,1.332525e+003,,7.474000e+001,2.137772e+003,2.143800e+003,1.539058e+002,2.143800e+003,,
5.316400e+002,1.695551e+004,1.373903e+004,4.288574e+003,1.207864e+003,1.161772e+003,1.691192e+004,,2.886400e+002,1.341291e+003,9.402469e+002,9.370914e+002,1.231645e+003,1.021176e+003,9.428143e+002,9.370897e+002,1.324615e+003,,7.464000e+001,2.174204e+003,2.197868e+003,1.537586e+002,2.197868e+003,,
5.315400e+002,1.631297e+004,1.276236e+004,4.668817e+003,1.194067e+003,1.156421e+003,1.631241e+004,,2.885400e+002,1.318188e+003,9.417084e+002,9.367065e+002,1.199642e+003,1.046184e+003,9.406837e+002,9.367031e+002,1.318112e+003,,7.454000e+001,2.169598e+003,2.203273e+003,1.536271e+002,2.203273e+003,,
5.314400e+002,1.557617e+004,1.168728e+004,5.036120e+003,1.182359e+003,1.151329e+003,1.560310e+004,,2.884400e+002,1.314337e+003,9.441068e+002,9.363269e+002,1.165298e+003,1.076128e+003,9.390402e+002,9.363201e+002,1.315620e+003,,7.444000e+001,2.114740e+003,2.156209e+003,1.535111e+002,2.156209e+003,,
5.313400e+002,1.485822e+004,1.056272e+004,5.374817e+003,1.172355e+003,1.146488e+003,1.481691e+004,,2.883400e+002,1.323322e+003,9.478371e+002,9.359409e+002,1.130626e+003,1.110883e+003,9.377621e+002,9.359275e+002,1.319339e+003,,7.434000e+001,2.082077e+003,2.063625e+003,1.534103e+002,2.063625e+003,,
5.312400e+002,1.403922e+004,9.432040e+003,5.668782e+003,1.163773e+003,1.141935e+003,1.398073e+004,,2.882400e+002,1.347067e+003,9.534976e+002,9.355361e+002,1.097382e+003,1.150073e+003,9.367255e+002,9.355105e+002,1.331172e+003,,7.424000e+001,1.958124e+003,1.930649e+003,1.533243e+002,1.930649e+003,,
5.311400e+002,1.311312e+004,8.331427e+003,5.902686e+003,1.156393e+003,1.137708e+003,1.311509e+004,,2.881400e+002,1.400975e+003,9.617089e+002,9.350871e+002,1.066718e+003,1.192488e+003,9.358287e+002,9.350383e+002,1.351677e+003,,7.414000e+001,1.791457e+003,1.768920e+003,1.532523e+002,1.768920e+003,,
5.310400e+002,1.218627e+004,7.289511e+003,6.063267e+003,1.150006e+003,1.133806e+003,1.223517e+004,,2.880400e+002,1.376588e+003,9.734569e+002,9.346812e+002,1.039515e+003,1.236529e+003,9.350987e+002,9.345904e+002,1.380919e+003,,7.404000e+001,1.631910e+003,1.588547e+003,1.531930e+002,1.588547e+003,,
5.309400e+002,1.143213e+004,6.326986e+003,6.138570e+003,1.144903e+003,1.130169e+003,1.135012e+004,,2.879400e+002,1.401617e+003,9.900003e+002,9.342826e+002,1.016142e+003,1.279878e+003,9.344375e+002,9.341167e+002,1.418274e+003,,7.394000e+001,1.409966e+003,1.400876e+003,1.531451e+002,1.400876e+003,,
5.308400e+002,1.043665e+004,5.457175e+003,6.126140e+003,1.139517e+003,1.126882e+003,1.046907e+004,,2.878400e+002,1.455526e+003,1.012482e+003,9.338885e+002,9.964678e+002,1.319706e+003,9.337865e+002,9.335878e+002,1.461979e+003,,7.384000e+001,1.213987e+003,1.215293e+003,1.531069e+002,1.215293e+003,,
5.307400e+002,9.496229e+003,4.686638e+003,6.026580e+003,1.135488e+003,1.123927e+003,9.600853e+003,,2.877400e+002,1.515852e+003,1.042407e+003,9.335309e+002,9.803132e+002,1.353200e+003,9.331191e+002,9.329972e+002,1.510582e+003,,7.374000e+001,1.036851e+003,1.039474e+003,1.530769e+002,1.039474e+003,,
5.306400e+002,8.644042e+003,4.019043e+003,5.845605e+003,1.131759e+003,1.121271e+003,8.753864e+003,,2.876400e+002,1.495315e+003,1.081929e+003,9.333561e+002,9.674498e+002,1.377465e+003,9.325001e+002,9.324268e+002,1.562993e+003,,7.364000e+001,8.626466e+002,8.787315e+002,1.530538e+002,8.787315e+002,,
5.305400e+002,7.960784e+003,3.448272e+003,5.593373e+003,1.128270e+003,1.118856e+003,7.932204e+003,,2.875400e+002,1.640996e+003,1.132196e+003,9.333122e+002,9.571580e+002,1.390154e+003,9.317513e+002,9.317080e+002,1.617739e+003,,7.354000e+001,7.236181e+002,7.365184e+002,1.530362e+002,7.365184e+002,,
5.304400e+002,7.171946e+003,2.967766e+003,5.283510e+003,1.125361e+003,1.116718e+003,7.143201e+003,,2.874400e+002,1.709023e+003,1.194779e+003,9.336336e+002,9.490904e+002,1.390346e+003,9.309449e+002,9.309196e+002,1.675116e+003,,7.344000e+001,6.277219e+002,6.138268e+002,1.530229e+002,6.138268e+002,,
5.303400e+002,6.491704e+003,2.569146e+003,4.931568e+003,1.122835e+003,1.114820e+003,6.393909e+003,,2.873400e+002,1.710307e+003,1.271542e+003,9.346335e+002,9.429160e+002,1.377717e+003,9.301435e+002,9.301290e+002,1.736436e+003,,7.334000e+001,4.912060e+002,5.110879e+002,1.530133e+002,5.110879e+002,,
5.302400e+002,5.727753e+003,2.243107e+003,4.553650e+003,1.120578e+003,1.113191e+003,5.690954e+003,,2.872400e+002,1.795020e+003,1.362231e+003,9.366589e+002,9.380885e+002,1.353344e+003,9.292598e+002,9.292517e+002,1.802575e+003,,7.324000e+001,4.003350e+002,4.264390e+002,1.530064e+002,4.264390e+002,,
5.301400e+002,5.043741e+003,1.980005e+003,4.165624e+003,1.118635e+003,1.111803e+003,5.040658e+003,,2.871400e+002,1.907329e+003,1.466257e+003,9.402065e+002,9.342605e+002,1.319494e+003,9.282641e+002,9.282595e+002,1.875444e+003,,7.314000e+001,3.345896e+002,3.588197e+002,1.530013e+002,3.588197e+002,,
5.300400e+002,4.502262e+003,1.770414e+003,3.781547e+003,1.117020e+003,1.110605e+003,4.447771e+003,,2.870400e+002,1.964446e+003,1.582197e+003,9.461152e+002,9.312318e+002,1.278736e+003,9.272110e+002,9.272085e+002,1.956657e+003,,7.304000e+001,2.797320e+002,3.052097e+002,1.529977e+002,3.052097e+002,,
5.299400e+002,3.947210e+003,1.605825e+003,3.412672e+003,1.115602e+003,1.109604e+003,3.914891e+003,,2.869400e+002,2.011937e+003,1.705890e+003,9.557234e+002,9.287566e+002,1.234096e+003,9.261095e+002,9.261082e+002,2.046143e+003,,7.294000e+001,2.449749e+002,2.641641e+002,1.529950e+002,2.641641e+002,,
5.298400e+002,3.527903e+003,1.478566e+003,3.067529e+003,1.114331e+003,1.108750e+003,3.442927e+003,,2.868400e+002,2.117828e+003,1.832049e+003,9.704313e+002,9.266115e+002,1.188343e+003,9.249000e+002,9.248993e+002,2.142737e+003,,7.284000e+001,2.198492e+002,2.327302e+002,1.529931e+002,2.327302e+002,,
5.297400e+002,3.018100e+003,1.380803e+003,2.752059e+003,1.113359e+003,1.108075e+003,3.030070e+003,,2.867400e+002,2.312925e+003,1.953379e+003,9.922185e+002,9.245861e+002,1.143705e+003,9.234917e+002,9.234914e+002,2.243415e+003,,7.274000e+001,2.018425e+002,2.095392e+002,1.529917e+002,2.095392e+002,,
5.296400e+002,2.660633e+003,1.306549e+003,2.469660e+003,1.112513e+003,1.107527e+003,2.673667e+003,,2.866400e+002,2.373251e+003,2.061922e+003,1.024511e+003,9.227077e+002,1.102170e+003,9.220210e+002,9.220208e+002,2.345248e+003,,7.264000e+001,1.871859e+002,1.923784e+002,1.529906e+002,1.923784e+002,,
5.295400e+002,2.334087e+003,1.250805e+003,2.221657e+003,1.111782e+003,1.107094e+003,2.370056e+003,,2.865400e+002,2.405339e+003,2.149731e+003,1.070650e+003,9.209390e+002,1.064806e+003,9.205163e+002,9.205162e+002,2.444578e+003,,7.254000e+001,1.687605e+002,1.801141e+002,1.529898e+002,1.801141e+002,,
5.294400e+002,2.048265e+003,1.209440e+003,2.008263e+003,1.111202e+003,1.106761e+003,2.115381e+003,,2.864400e+002,2.545886e+003,2.208172e+003,1.134845e+003,9.191253e+002,1.032144e+003,9.188675e+002,9.188675e+002,2.537685e+003,,7.244000e+001,1.733668e+002,1.713479e+002,1.529892e+002,1.713479e+002,,
5.293400e+002,1.801659e+003,1.179099e+003,1.827479e+003,1.110734e+003,1.106516e+003,1.904280e+003,,2.863400e+002,2.617764e+003,2.232613e+003,1.223570e+003,9.172984e+002,1.004454e+003,9.171442e+002,9.171442e+002,2.626503e+003,,7.234000e+001,1.716918e+002,1.652672e+002,1.529887e+002,1.652672e+002,,
5.292400e+002,1.631222e+003,1.157091e+003,1.676366e+003,1.110327e+003,1.106331e+003,1.731122e+003,,2.862400e+002,2.644718e+003,2.221037e+003,1.342515e+003,9.154822e+002,9.814064e+002,9.153918e+002,9.153918e+002,2.714265e+003,,7.224000e+001,1.520101e+002,1.610671e+002,1.529883e+002,1.610671e+002,,
5.291400e+002,1.537707e+003,1.141362e+003,1.551845e+003,1.109969e+003,1.106178e+003,1.590819e+003,,2.861400e+002,2.829547e+003,2.173001e+003,1.498024e+003,9.135027e+002,9.624641e+002,9.134501e+002,9.134501e+002,2.806642e+003,,7.214000e+001,1.670854e+002,1.582352e+002,1.529879e+002,1.582352e+002,,
5.290400e+002,1.472851e+003,1.130223e+003,1.450636e+003,1.109669e+003,1.106049e+003,1.478429e+003,,2.860400e+002,2.930304e+003,2.093696e+003,1.698939e+003,9.114343e+002,9.472187e+002,9.114043e+002,9.114043e+002,2.917075e+003,,7.204000e+001,1.662479e+002,1.563449e+002,1.529877e+002,1.563449e+002,,
5.289400e+002,1.303922e+003,1.122416e+003,1.369497e+003,1.109428e+003,1.105979e+003,1.389382e+003,,2.859400e+002,3.070851e+003,1.989951e+003,1.950871e+003,9.092306e+002,9.349087e+002,9.092139e+002,9.092139e+002,3.057320e+003,,7.194000e+001,1.536851e+002,1.551047e+002,1.529875e+002,1.551047e+002,,
5.288400e+002,1.256410e+003,1.116984e+003,1.305256e+003,1.109203e+003,1.105926e+003,1.319592e+003,,2.858400e+002,3.219099e+003,1.869278e+003,2.258455e+003,9.068801e+002,9.249869e+002,9.068708e+002,9.068708e+002,3.238987e+003,,7.184000e+001,1.511725e+002,1.543049e+002,1.529874e+002,1.543049e+002,,
5.287400e+002,1.227753e+003,1.113243e+003,1.255025e+003,1.109025e+003,1.105883e+003,1.265528e+003,,2.857400e+002,3.520087e+003,1.740351e+003,2.626195e+003,9.042251e+002,9.168134e+002,9.042201e+002,9.042201e+002,3.474925e+003,,7.174000e+001,1.658291e+002,1.537937e+002,1.529872e+002,1.537937e+002,,
5.286400e+002,1.168175e+003,1.110707e+003,1.216484e+003,1.108869e+003,1.105861e+003,1.224338e+003,,2.856400e+002,3.801823e+003,1.610687e+003,3.051455e+003,9.012835e+002,9.098779e+002,9.012809e+002,9.012809e+002,3.769461e+003,,7.164000e+001,1.570352e+002,1.534754e+002,1.529872e+002,1.534754e+002,,
5.285400e+002,1.160633e+003,1.108998e+003,1.187053e+003,1.108715e+003,1.105842e+003,1.193082e+003,,2.855400e+002,4.079066e+003,1.486554e+003,3.526796e+003,8.980589e+002,9.038245e+002,8.980574e+002,8.980574e+002,4.121061e+003,,7.154000e+001,1.486600e+002,1.532772e+002,1.529872e+002,1.532772e+002,,
5.284400e+002,1.101056e+003,1.107873e+003,1.164837e+003,1.108595e+003,1.105840e+003,1.169625e+003,,2.854400e+002,4.525093e+003,1.372275e+003,4.039703e+003,8.943791e+002,8.981990e+002,8.943783e+002,8.943783e+002,4.521421e+003,,7.144000e+001,1.549414e+002,1.531580e+002,1.529872e+002,1.531580e+002,,
5.283400e+002,1.125943e+003,1.107134e+003,1.148243e+003,1.108480e+003,1.105833e+003,1.152191e+003,,2.853400e+002,4.949300e+003,1.270306e+003,4.568012e+003,8.902655e+002,8.927501e+002,8.902652e+002,8.902652e+002,4.950538e+003,,7.134000e+001,1.553601e+002,1.554585e+002,1.553601e+002,1.554585e+002,,
5.282400e+002,1.107843e+003,1.106656e+003,1.135998e+003,1.108371e+003,1.105832e+003,1.139362e+003,,2.852400e+002,5.397253e+003,1.182134e+003,5.084122e+003,8.856936e+002,8.872806e+002,8.856935e+002,8.856935e+002,5.382149e+003,,7.124000e+001,1.482412e+002,1.482976e+002,1.482412e+002,1.482976e+002,,
5.281400e+002,1.083710e+003,1.084227e+003,1.104940e+003,1.086147e+003,1.083710e+003,1.107894e+003,,2.851400e+002,5.725196e+003,1.107769e+003,5.554171e+003,8.807846e+002,8.817873e+002,8.807845e+002,8.807845e+002,5.782159e+003,,7.114000e+001,1.633166e+002,1.633481e+002,1.633166e+002,1.633481e+002,,
5.280400e+002,1.079186e+003,1.079506e+003,1.093967e+003,1.081534e+003,1.079186e+003,1.096636e+003,,2.850400e+002,6.135284e+003,1.045963e+003,5.942357e+003,8.754546e+002,8.760762e+002,8.754545e+002,8.754545e+002,6.113487e+003,,7.104000e+001,1.578727e+002,1.578903e+002,1.578727e+002,1.578903e+002,,
5.279400e+002,1.032428e+003,1.032625e+003,1.042617e+003,1.034688e+003,1.032428e+003,1.045073e+003,,2.849400e+002,6.315621e+003,9.958258e+002,6.218712e+003,8.699362e+002,8.703143e+002,8.699362e+002,8.699362e+002,6.344980e+003,,7.094000e+001,1.536851e+002,1.536946e+002,1.536851e+002,1.536946e+002,,
5.278400e+002,1.042232e+003,1.042351e+003,1.049202e+003,1.044404e+003,1.042232e+003,1.051492e+003,,2.848400e+002,6.395841e+003,9.557512e+002,6.355390e+003,8.643310e+002,8.645589e+002,8.643310e+002,8.643310e+002,6.447038e+003,,7.084000e+001,1.486600e+002,1.486651e+002,1.486600e+002,1.486651e+002,,
5.277400e+002,1.022624e+003,1.022696e+003,1.027342e+003,1.024722e+003,1.022624e+003,1.029512e+003,,2.847400e+002,6.456809e+003,9.238423e+002,6.339197e+003,8.586582e+002,8.587929e+002,8.586582e+002,8.586582e+002,6.404516e+003,,7.074000e+001,1.566164e+002,1.566191e+002,1.566164e+002,1.566191e+002,,
5.276400e+002,1.024133e+003,1.024175e+003,1.027293e+003,1.026158e+003,1.024133e+003,1.029360e+003,,2.846400e+002,6.266846e+003,8.988991e+002,6.174585e+003,8.531723e+002,8.532504e+002,8.531723e+002,8.531723e+002,6.220390e+003,,7.064000e+001,1.628978e+002,1.628993e+002,1.628978e+002,1.628993e+002,,
5.275400e+002,9.705882e+002,9.706132e+002,9.726825e+002,9.725398e+002,9.705882e+002,9.746590e+002,,2.845400e+002,5.927352e+003,8.796209e+002,5.873227e+003,8.480253e+002,8.480701e+002,8.480253e+002,8.480253e+002,5.904868e+003,,7.054000e+001,1.616415e+002,1.616423e+002,1.616415e+002,1.616423e+002,,
5.274400e+002,1.015837e+003,1.015852e+003,1.017210e+003,1.017723e+003,1.015837e+003,1.019111e+003,,2.844400e+002,5.540367e+003,8.647035e+002,5.461791e+003,8.432656e+002,8.432908e+002,8.432656e+002,8.432656e+002,5.483254e+003,,7.044000e+001,1.474037e+002,1.474041e+002,1.474037e+002,1.474041e+002,,
5.273400e+002,9.766214e+002,9.766298e+002,9.775117e+002,9.784460e+002,9.766214e+002,9.793447e+002,,2.843400e+002,4.983314e+003,8.533807e+002,4.975646e+003,8.390661e+002,8.390800e+002,8.390661e+002,8.390661e+002,4.989974e+003,,7.034000e+001,1.469849e+002,1.469851e+002,1.469849e+002,1.469851e+002,,
5.272400e+002,1.023379e+003,1.023383e+003,1.023950e+003,1.025142e+003,1.023379e+003,1.025717e+003,,2.842400e+002,4.403157e+003,8.448769e+002,4.448329e+003,8.354508e+002,8.354584e+002,8.354508e+002,8.354508e+002,4.457763e+003,,7.024000e+001,1.553601e+002,1.553602e+002,1.553601e+002,1.553602e+002,,
,,,,,,,,2.841400e+002,3.923116e+003,8.384120e+002,3.913372e+003,8.323188e+002,8.323229e+002,8.323188e+002,8.323188e+002,3.919469e+003,,7.014000e+001,1.536851e+002,1.536851e+002,1.536851e+002,1.536851e+002,,
,,,,,,,,2.840400e+002,3.364780e+003,8.336251e+002,3.397918e+003,8.297500e+002,8.297521e+002,8.297500e+002,8.297500e+002,3.401795e+003,,7.004000e+001,1.499162e+002,1.499163e+002,1.499162e+002,1.499163e+002,,
,,,,,,,,2.839400e+002,2.903992e+003,8.300794e+002,2.922130e+003,8.276459e+002,8.276471e+002,8.276459e+002,8.276459e+002,2.924564e+003,,6.994000e+001,1.532663e+002,1.532663e+002,1.532663e+002,1.532663e+002,,
,,,,,,,,2.838400e+002,2.431652e+003,8.275181e+002,2.499941e+003,8.260189e+002,8.260195e+002,8.260189e+002,8.260189e+002,2.501441e+003,,6.984000e+001,1.570352e+002,1.570352e+002,1.570352e+002,1.570352e+002,,
,,,,,,,,2.837400e+002,2.076755e+003,8.256583e+002,2.135698e+003,8.247502e+002,8.247505e+002,8.247502e+002,8.247502e+002,2.136607e+003,,6.974000e+001,1.599665e+002,1.599665e+002,1.599665e+002,1.599665e+002,,
,,,,,,,,2.836400e+002,1.857913e+003,8.242462e+002,1.830796e+003,8.237022e+002,8.237024e+002,8.237022e+002,8.237022e+002,1.831340e+003,,6.964000e+001,1.566164e+002,1.566164e+002,1.566164e+002,1.566164e+002,,
,,,,,,,,2.835400e+002,1.629444e+003,8.232043e+002,1.583271e+003,8.228849e+002,8.228850e+002,8.228849e+002,8.228849e+002,1.583591e+003,,6.954000e+001,1.549414e+002,1.549414e+002,1.549414e+002,1.549414e+002,,
,,,,,,,,2.834400e+002,1.424721e+003,8.224586e+002,1.385721e+003,8.222744e+002,8.222745e+002,8.222744e+002,8.222744e+002,1.385905e+003,,6.944000e+001,1.675042e+002,1.675042e+002,1.675042e+002,1.675042e+002,,
,,,,,,,,2.833400e+002,1.285458e+003,8.219098e+002,1.231908e+003,8.218046e+002,8.218046e+002,8.218046e+002,8.218046e+002,1.232013e+003,,6.934000e+001,1.700168e+002,1.700168e+002,1.700168e+002,1.700168e+002,,
,,,,,,,,2.832400e+002,1.148761e+003,8.215318e+002,1.115487e+003,8.214729e+002,8.214729e+002,8.214729e+002,8.214729e+002,1.115546e+003,,6.924000e+001,1.595477e+002,1.595477e+002,1.595477e+002,1.595477e+002,,
,,,,,,,,2.831400e+002,1.074317e+003,8.212488e+002,1.028211e+003,8.212165e+002,8.212165e+002,8.212165e+002,8.212165e+002,1.028244e+003,,6.914000e+001,1.515913e+002,1.515913e+002,1.515913e+002,1.515913e+002,,
,,,,,,,,2.830400e+002,1.000513e+003,8.210522e+002,9.642295e+002,8.210346e+002,8.210346e+002,8.210346e+002,8.210346e+002,9.642471e+002,,6.904000e+001,1.578727e+002,1.578727e+002,1.578727e+002,1.578727e+002,,
,,,,,,,,2.829400e+002,9.356950e+002,8.209277e+002,9.186661e+002,8.209183e+002,8.209183e+002,8.209183e+002,8.209183e+002,9.186755e+002,,6.894000e+001,1.360972e+002,1.360972e+002,1.360972e+002,1.360972e+002,,
,,,,,,,,2.828400e+002,9.575151e+002,8.207846e+002,8.863023e+002,8.207797e+002,8.207797e+002,8.207797e+002,8.207797e+002,8.863072e+002,,6.884000e+001,1.574539e+002,1.574539e+002,1.574539e+002,1.574539e+002,,
,,,,,,,,2.827400e+002,9.074573e+002,8.206943e+002,8.638331e+002,8.206918e+002,8.206918e+002,8.206918e+002,8.206918e+002,8.638356e+002,,6.874000e+001,1.566164e+002,1.566164e+002,1.566164e+002,1.566164e+002,,
,,,,,,,,2.826400e+002,9.055320e+002,8.206070e+002,8.486824e+002,8.206057e+002,8.206057e+002,8.206057e+002,8.206057e+002,8.486837e+002,,6.864000e+001,1.482412e+002,1.482412e+002,1.482412e+002,1.482412e+002,,
,,,,,,,,2.825400e+002,8.894879e+002,8.205365e+002,8.384718e+002,8.205359e+002,8.205359e+002,8.205359e+002,8.205359e+002,8.384724e+002,,6.854000e+001,1.545226e+002,1.545226e+002,1.545226e+002,1.545226e+002,,
,,,,,,,,2.824400e+002,8.529072e+002,8.205034e+002,8.317471e+002,8.205030e+002,8.205030e+002,8.205030e+002,8.205030e+002,8.317474e+002,,6.844000e+001,1.624791e+002,1.624791e+002,1.624791e+002,1.624791e+002,,
,,,,,,,,2.823400e+002,9.023232e+002,8.204202e+002,8.274005e+002,8.204200e+002,8.204200e+002,8.204200e+002,8.204200e+002,8.274006e+002,,6.834000e+001,1.457286e+002,1.457286e+002,1.457286e+002,1.457286e+002,,
,,,,,,,,2.822400e+002,8.901296e+002,8.203494e+002,8.246002e+002,8.203493e+002,8.203493e+002,8.203493e+002,8.203493e+002,8.246003e+002,,6.824000e+001,1.444724e+002,1.444724e+002,1.444724e+002,1.444724e+002,,
,,,,,,,,2.821400e+002,8.606084e+002,8.203085e+002,8.228469e+002,8.203085e+002,8.203085e+002,8.203085e+002,8.203085e+002,8.228469e+002,,6.814000e+001,1.645729e+002,1.645729e+002,1.645729e+002,1.645729e+002,,
,,,,,,,,2.820400e+002,8.304454e+002,8.202982e+002,8.218008e+002,8.202982e+002,8.202982e+002,8.202982e+002,8.202982e+002,8.218008e+002,,6.804000e+001,1.448911e+002,1.448911e+002,1.448911e+002,1.448911e+002,,
,,,,,,,,2.819400e+002,8.651008e+002,8.202528e+002,8.211250e+002,8.202528e+002,8.202528e+002,8.202528e+002,8.202528e+002,8.211250e+002,,6.794000e+001,1.566164e+002,1.566164e+002,1.566164e+002,1.566164e+002,,
,,,,,,,,2.818400e+002,8.625337e+002,8.202099e+002,8.207060e+002,8.202099e+002,8.202099e+002,8.202099e+002,8.202099e+002,8.207060e+002,,6.784000e+001,1.541039e+002,1.541039e+002,1.541039e+002,1.541039e+002,,
,,,,,,,,2.817400e+002,8.176101e+002,8.202072e+002,8.204871e+002,8.202072e+002,8.202072e+002,8.202072e+002,8.202072e+002,8.204871e+002,,6.774000e+001,1.595477e+002,1.595477e+002,1.595477e+002,1.595477e+002,,
,,,,,,,,2.816400e+002,8.342960e+002,8.201930e+002,8.203478e+002,8.201930e+002,8.201930e+002,8.201930e+002,8.201930e+002,8.203478e+002,,6.764000e+001,1.545226e+002,1.545226e+002,1.545226e+002,1.545226e+002,,
,,,,,,,,2.815400e+002,8.375048e+002,8.201754e+002,8.202593e+002,8.201754e+002,8.201754e+002,8.201754e+002,8.201754e+002,8.202593e+002,,6.754000e+001,1.578727e+002,1.578727e+002,1.578727e+002,1.578727e+002,,
,,,,,,,,2.814400e+002,7.977153e+002,8.201527e+002,8.201977e+002,8.201527e+002,8.201527e+002,8.201527e+002,8.201527e+002,8.201977e+002,,6.744000e+001,1.628978e+002,1.628978e+002,1.628978e+002,1.628978e+002,,
,,,,,,,,2.813400e+002,8.246695e+002,8.201481e+002,8.201718e+002,8.201481e+002,8.201481e+002,8.201481e+002,8.201481e+002,8.201718e+002,,6.734000e+001,1.507538e+002,1.507538e+002,1.507538e+002,1.507538e+002,,
,,,,,,,,2.812400e+002,8.670261e+002,8.201005e+002,8.201128e+002,8.201005e+002,8.201005e+002,8.201005e+002,8.201005e+002,8.201128e+002,,6.724000e+001,1.561977e+002,1.561977e+002,1.561977e+002,1.561977e+002,,
,,,,,,,,2.811400e+002,8.355795e+002,8.200848e+002,8.200911e+002,8.200848e+002,8.200848e+002,8.200848e+002,8.200848e+002,8.200911e+002,,6.714000e+001,1.633166e+002,1.633166e+002,1.633166e+002,1.633166e+002,,
,,,,,,,,2.810400e+002,8.067000e+002,8.200713e+002,8.200744e+002,8.200713e+002,8.200713e+002,8.200713e+002,8.200713e+002,8.200744e+002,,6.704000e+001,1.557789e+002,1.557789e+002,1.557789e+002,1.557789e+002,,
,,,,,,,,2.809400e+002,8.734437e+002,8.200171e+002,8.200187e+002,8.200171e+002,8.200171e+002,8.200171e+002,8.200171e+002,8.200187e+002,,6.694000e+001,1.373534e+002,1.373534e+002,1.373534e+002,1.373534e+002,,
,,,,,,,,2.808400e+002,8.355795e+002,8.200013e+002,8.200021e+002,8.200013e+002,8.200013e+002,8.200013e+002,8.200013e+002,8.200021e+002,,6.684000e+001,1.448911e+002,1.448911e+002,1.448911e+002,1.448911e+002,,
,,,,,,,,2.807400e+002,8.471313e+002,8.199738e+002,8.199742e+002,8.199738e+002,8.199738e+002,8.199738e+002,8.199738e+002,8.199742e+002,,6.674000e+001,1.566164e+002,1.566164e+002,1.566164e+002,1.566164e+002,,
,,,,,,,,2.806400e+002,8.304454e+002,8.199632e+002,8.199634e+002,8.199632e+002,8.199632e+002,8.199632e+002,8.199632e+002,8.199634e+002,,6.664000e+001,1.612228e+002,1.612228e+002,1.612228e+002,1.612228e+002,,
,,,,,,,,2.805400e+002,7.823129e+002,7.823129e+002,7.823130e+002,7.823129e+002,7.823129e+002,7.823129e+002,7.823129e+002,7.823130e+002,,6.654000e+001,1.561977e+002,1.561977e+002,1.561977e+002,1.561977e+002,,
,,,,,,,,2.804400e+002,8.362213e+002,8.362213e+002,8.362213e+002,8.362213e+002,8.362213e+002,8.362213e+002,8.362213e+002,8.362213e+002,,6.644000e+001,1.599665e+002,1.599665e+002,1.599665e+002,1.599665e+002,,
,,,,,,,,2.803400e+002,8.240277e+002,8.240277e+002,8.240277e+002,8.240277e+002,8.240277e+002,8.240277e+002,8.240277e+002,8.240277e+002,,6.634000e+001,1.411223e+002,1.411223e+002,1.411223e+002,1.411223e+002,,
,,,,,,,,2.802400e+002,8.034912e+002,8.034912e+002,8.034912e+002,8.034912e+002,8.034912e+002,8.034912e+002,8.034912e+002,8.034912e+002,,6.624000e+001,1.520101e+002,1.520101e+002,1.520101e+002,1.520101e+002,,
,,,,,,,,2.801400e+002,8.034912e+002,8.034912e+002,8.034912e+002,8.034912e+002,8.034912e+002,8.034912e+002,8.034912e+002,8.034912e+002,,6.614000e+001,1.427973e+002,1.427973e+002,1.427973e+002,1.427973e+002,,
,,,,,,,,2.800400e+002,8.182518e+002,8.182518e+002,8.182518e+002,8.182518e+002,8.182518e+002,8.182518e+002,8.182518e+002,8.182518e+002,,6.604000e+001,1.654104e+002,1.654104e+002,1.654104e+002,1.654104e+002,,
,,,,,,,,2.799400e+002,8.041330e+002,8.041330e+002,8.041330e+002,8.041330e+002,8.041330e+002,8.041330e+002,8.041330e+002,8.041330e+002,,6.594000e+001,1.578727e+002,1.578727e+002,1.578727e+002,1.578727e+002,,
,,,,,,,,2.798400e+002,8.394301e+002,8.394301e+002,8.394301e+002,8.394301e+002,8.394301e+002,8.394301e+002,8.394301e+002,8.394301e+002,,6.584000e+001,1.624791e+002,1.624791e+002,1.624791e+002,1.624791e+002,,
,,,,,,,,2.797400e+002,8.092671e+002,8.092671e+002,8.092671e+002,8.092671e+002,8.092671e+002,8.092671e+002,8.092671e+002,8.092671e+002,,6.574000e+001,1.490787e+002,1.490787e+002,1.490787e+002,1.490787e+002,,
,,,,,,,,2.796400e+002,8.227442e+002,8.227442e+002,8.227442e+002,8.227442e+002,8.227442e+002,8.227442e+002,8.227442e+002,8.227442e+002,,6.564000e+001,1.545226e+002,1.545226e+002,1.545226e+002,1.545226e+002,,
,,,,,,,,2.795400e+002,8.464895e+002,8.464895e+002,8.464895e+002,8.464895e+002,8.464895e+002,8.464895e+002,8.464895e+002,8.464895e+002,,6.554000e+001,1.440536e+002,1.440536e+002,1.440536e+002,1.440536e+002,,
,,,,,,,,2.794400e+002,8.144012e+002,8.144012e+002,8.144012e+002,8.144012e+002,8.144012e+002,8.144012e+002,8.144012e+002,8.144012e+002,,6.544000e+001,1.566164e+002,1.566164e+002,1.566164e+002,1.566164e+002,,
,,,,,,,,,,,,,,,,,,6.534000e+001,1.545226e+002,1.545226e+002,1.545226e+002,1.545226e+002,,
,,,,,,,,,,,,,,,,,,6.524000e+001,1.503350e+002,1.503350e+002,1.503350e+002,1.503350e+002,,
,,,,,,,,,,,,,,,,,,6.514000e+001,1.407035e+002,1.407035e+002,1.407035e+002,1.407035e+002,,
,,,,,,,,,,,,,,,,,,6.504000e+001,1.549414e+002,1.549414e+002,1.549414e+002,1.549414e+002,,
,,,,,,,,,,,,,,,,,,6.494000e+001,1.582915e+002,1.582915e+002,1.582915e+002,1.582915e+002,,
,,,,,,,,,,,,,,,,,,6.484000e+001,1.482412e+002,1.482412e+002,1.482412e+002,1.482412e+002,,
,,,,,,,,,,,,,,,,,,6.474000e+001,1.553601e+002,1.553601e+002,1.553601e+002,1.553601e+002,,
,,,,,,,,,,,,,,,,,,6.464000e+001,1.520101e+002,1.520101e+002,1.520101e+002,1.520101e+002,,
,,,,,,,,,,,,,,,,,,6.454000e+001,1.520101e+002,1.520101e+002,1.520101e+002,1.520101e+002,,