pixel,y_um,intensity,bg_mean,bg_std
0,0,38654.5175,39705.563,15211.6848
1,0.01182,39254.1842,39705.563,15211.6848
2,0.02363,39404.3627,39705.563,15211.6848
3,0.03545,37462.0962,39705.563,15211.6848
4,0.04727,39248.9478,39705.563,15211.6848
5,0.05908,39656.9641,39705.563,15211.6848
6,0.0709,38924.0848,39705.563,15211.6848
7,0.08271,38830.0399,39705.563,15211.6848
8,0.09453,38586.2355,39705.563,15211.6848
9,0.1063,39143.1736,39705.563,15211.6848
10,0.1182,39413.1597,39705.563,15211.6848
11,0.13,39020.0147,39705.563,15211.6848
12,0.1418,38251.7376,39705.563,15211.6848
13,0.1536,39320.5811,39705.563,15211.6848
14,0.1654,38495.542,39705.563,15211.6848
15,0.1772,39596.8509,39705.563,15211.6848
16,0.1891,39802.9535,39705.563,15211.6848
17,0.2009,39948.3146,39705.563,15211.6848
18,0.2127,38893.7139,39705.563,15211.6848
19,0.2245,39475.1581,39705.563,15211.6848
20,0.2363,39675.1866,39705.563,15211.6848
21,0.2481,39160.7677,39705.563,15211.6848
22,0.26,38230.3733,39705.563,15211.6848
23,0.2718,40096.8174,39705.563,15211.6848
24,0.2836,38953.8272,39705.563,15211.6848
25,0.2954,39460.7058,39705.563,15211.6848
26,0.3072,39330.0065,39705.563,15211.6848
27,0.319,38713.793,39705.563,15211.6848
28,0.3309,38641.1125,39705.563,15211.6848
29,0.3427,39963.3953,39705.563,15211.6848
30,0.3545,39143.1736,39705.563,15211.6848
31,0.3663,39804.6292,39705.563,15211.6848
32,0.3781,38849.3097,39705.563,15211.6848
33,0.3899,39335.4523,39705.563,15211.6848
34,0.4018,39844.6349,39705.563,15211.6848
35,0.4136,38351.4377,39705.563,15211.6848
36,0.4254,39302.1491,39705.563,15211.6848
37,0.4372,39738.8606,39705.563,15211.6848
38,0.449,39521.4474,39705.563,15211.6848
39,0.4608,38445.0636,39705.563,15211.6848
40,0.4727,39289.163,39705.563,15211.6848
41,0.4845,39392.8427,39705.563,15211.6848
42,0.4963,39804.2103,39705.563,15211.6848
43,0.5081,38819.1483,39705.563,15211.6848
44,0.5199,39160.1394,39705.563,15211.6848
45,0.5317,38572.4116,39705.563,15211.6848
46,0.5436,38683.8411,39705.563,15211.6848
47,0.5554,39277.8525,39705.563,15211.6848
48,0.5672,39636.6471,39705.563,15211.6848
49,0.579,39549.5143,39705.563,15211.6848
50,0.5908,39968.4222,39705.563,15211.6848
51,0.6026,39355.3504,39705.563,15211.6848
52,0.6145,38556.7025,39705.563,15211.6848
53,0.6263,39249.5762,39705.563,15211.6848
54,0.6381,38289.8582,39705.563,15211.6848
55,0.6499,39827.8786,39705.563,15211.6848
56,0.6617,39341.5265,39705.563,15211.6848
57,0.6735,38235.4002,39705.563,15211.6848
58,0.6854,39238.4751,39705.563,15211.6848
59,0.6972,39831.0204,39705.563,15211.6848
60,0.709,39342.5738,39705.563,15211.6848
61,0.7208,38980.2184,39705.563,15211.6848
62,0.7326,39716.868,39705.563,15211.6848
63,0.7444,38987.7588,39705.563,15211.6848
64,0.7563,39240.7791,39705.563,15211.6848
65,0.7681,39634.1337,39705.563,15211.6848
66,0.7799,39252.5086,39705.563,15211.6848
67,0.7917,39853.6414,39705.563,15211.6848
68,0.8035,39896.37,39705.563,15211.6848
69,0.8153,38814.5403,39705.563,15211.6848
70,0.8271,39392.0049,39705.563,15211.6848
71,0.839,39313.6691,39705.563,15211.6848
72,0.8508,39704.0913,39705.563,15211.6848
73,0.8626,38729.2926,39705.563,15211.6848
74,0.8744,39555.379,39705.563,15211.6848
75,0.8862,39424.4703,39705.563,15211.6848
76,0.898,39386.978,39705.563,15211.6848
77,0.9099,39582.3985,39705.563,15211.6848
78,0.9217,39512.2315,39705.563,15211.6848
79,0.9335,39222.5566,39705.563,15211.6848
80,0.9453,39261.3056,39705.563,15211.6848
81,0.9571,38378.0383,39705.563,15211.6848
82,0.9689,39060.0204,39705.563,15211.6848
83,0.9808,39134.7954,39705.563,15211.6848
84,0.9926,39728.8068,39705.563,15211.6848
85,1.0044,40408.2755,39705.563,15211.6848
86,1.0162,39578.8378,39705.563,15211.6848
87,1.028,39418.815,39705.563,15211.6848
88,1.0398,39617.3773,39705.563,15211.6848
89,1.0517,38679.652,39705.563,15211.6848
90,1.0635,39543.859,39705.563,15211.6848
91,1.0753,39802.1157,39705.563,15211.6848
92,1.0871,39247.4817,39705.563,15211.6848
93,1.0989,39126.6267,39705.563,15211.6848
94,1.1107,39714.3545,39705.563,15211.6848
95,1.1226,39009.9609,39705.563,15211.6848
96,1.1344,39812.5884,39705.563,15211.6848
97,1.1462,38667.2942,39705.563,15211.6848
98,1.158,39506.5762,39705.563,15211.6848
99,1.1698,38911.0986,39705.563,15211.6848
100,1.1816,39102.1206,39705.563,15211.6848
101,1.1935,39654.0318,39705.563,15211.6848
102,1.2053,38633.7816,39705.563,15211.6848
103,1.2171,38919.4768,39705.563,15211.6848
104,1.2289,40140.1744,39705.563,15211.6848
105,1.2407,39087.8778,39705.563,15211.6848
106,1.2525,39436.4091,39705.563,15211.6848
107,1.2644,39825.784,39705.563,15211.6848
108,1.2762,40036.9136,39705.563,15211.6848
109,1.288,39004.0962,39705.563,15211.6848
110,1.2998,39575.0676,39705.563,15211.6848
111,1.3116,39206.4287,39705.563,15211.6848
112,1.3234,38906.7001,39705.563,15211.6848
113,1.3353,39423.8419,39705.563,15211.6848
114,1.3471,38730.9682,39705.563,15211.6848
115,1.3589,39620.3097,39705.563,15211.6848
116,1.3707,38708.7661,39705.563,15211.6848
117,1.3825,39825.9935,39705.563,15211.6848
118,1.3943,39183.5982,39705.563,15211.6848
119,1.4062,39117.6202,39705.563,15211.6848
120,1.418,38112.2412,39705.563,15211.6848
121,1.4298,38780.1899,39705.563,15211.6848
122,1.4416,39296.4939,39705.563,15211.6848
123,1.4534,39593.709,39705.563,15211.6848
124,1.4652,39926.7408,39705.563,15211.6848
125,1.4771,38960.3203,39705.563,15211.6848
126,1.4889,39085.1548,39705.563,15211.6848
127,1.5007,39673.511,39705.563,15211.6848
128,1.5125,39801.4874,39705.563,15211.6848
129,1.5243,39800.2306,39705.563,15211.6848
130,1.5361,38883.2412,39705.563,15211.6848
131,1.5479,39799.6023,39705.563,15211.6848
132,1.5598,40383.3504,39705.563,15211.6848
133,1.5716,39445.2062,39705.563,15211.6848
134,1.5834,39222.3472,39705.563,15211.6848
135,1.5952,39283.2983,39705.563,15211.6848
136,1.607,39202.2396,39705.563,15211.6848
137,1.6188,40931.7009,39705.563,15211.6848
138,1.6307,39266.542,39705.563,15211.6848
139,1.6425,39430.9633,39705.563,15211.6848
140,1.6543,40025.3936,39705.563,15211.6848
141,1.6661,39068.3985,39705.563,15211.6848
142,1.6779,39647.3293,39705.563,15211.6848
143,1.6897,40468.5982,39705.563,15211.6848
144,1.7016,40006.9617,39705.563,15211.6848
145,1.7134,39182.5509,39705.563,15211.6848
146,1.7252,39658.6398,39705.563,15211.6848
147,1.737,40202.3822,39705.563,15211.6848
148,1.7488,38491.1434,39705.563,15211.6848
149,1.7606,39472.4352,39705.563,15211.6848
150,1.7725,40750.3138,39705.563,15211.6848
151,1.7843,38928.6927,39705.563,15211.6848
152,1.7961,40016.3871,39705.563,15211.6848
153,1.8079,39945.8011,39705.563,15211.6848
154,1.8197,40328.2641,39705.563,15211.6848
155,1.8315,40244.273,39705.563,15211.6848
156,1.8434,40468.5982,39705.563,15211.6848
157,1.8552,39601.4588,39705.563,15211.6848
158,1.867,41025.7457,39705.563,15211.6848
159,1.8788,40606.4189,39705.563,15211.6848
160,1.8906,40499.3879,39705.563,15211.6848
161,1.9024,39891.9715,39705.563,15211.6848
162,1.9143,39872.0733,39705.563,15211.6848
163,1.9261,40802.4678,39705.563,15211.6848
164,1.9379,39589.7294,39705.563,15211.6848
165,1.9497,39361.2152,39705.563,15211.6848
166,1.9615,40007.7995,39705.563,15211.6848
167,1.9733,40120.9046,39705.563,15211.6848
168,1.9852,40372.4588,39705.563,15211.6848
169,1.997,39829.7637,39705.563,15211.6848
170,2.0088,40783.4075,39705.563,15211.6848
171,2.0206,40748.2192,39705.563,15211.6848
172,2.0324,41222.0041,39705.563,15211.6848
173,2.0442,39777.4002,39705.563,15211.6848
174,2.0561,39969.4694,39705.563,15211.6848
175,2.0679,40545.6773,39705.563,15211.6848
176,2.0797,40826.1361,39705.563,15211.6848
177,2.0915,40814.4067,39705.563,15211.6848
178,2.1033,40174.3154,39705.563,15211.6848
179,2.1151,41589.5958,39705.563,15211.6848
180,2.127,40626.7359,39705.563,15211.6848
181,2.1388,39992.7188,39705.563,15211.6848
182,2.1506,40377.4857,39705.563,15211.6848
183,2.1624,40485.3545,39705.563,15211.6848
184,2.1742,41121.4662,39705.563,15211.6848
185,2.186,41463.9234,39705.563,15211.6848
186,2.1979,40525.1508,39705.563,15211.6848
187,2.2097,40350.8851,39705.563,15211.6848
188,2.2215,41173.4108,39705.563,15211.6848
189,2.2333,39878.1475,39705.563,15211.6848
190,2.2451,40311.2983,39705.563,15211.6848
191,2.2569,40188.1394,39705.563,15211.6848
192,2.2688,39853.013,39705.563,15211.6848
193,2.2806,41891.2095,39705.563,15211.6848
194,2.2924,40281.1369,39705.563,15211.6848
195,2.3042,40311.2983,39705.563,15211.6848
196,2.316,40761.2054,39705.563,15211.6848
197,2.3278,40014.2926,39705.563,15211.6848
198,2.3396,40161.1198,39705.563,15211.6848
199,2.3515,39547.0008,39705.563,15211.6848
200,2.3633,41188.4914,39705.563,15211.6848
201,2.3751,40751.5705,39705.563,15211.6848
202,2.3869,40494.5705,39705.563,15211.6848
203,2.3987,40548.4002,39705.563,15211.6848
204,2.4105,40298.3121,39705.563,15211.6848
205,2.4224,40661.5053,39705.563,15211.6848
206,2.4342,41311.022,39705.563,15211.6848
207,2.446,40059.7441,39705.563,15211.6848
208,2.4578,40139.1271,39705.563,15211.6848
209,2.4696,40744.2396,39705.563,15211.6848
210,2.4814,41194.1467,39705.563,15211.6848
211,2.4933,39780.7514,39705.563,15211.6848
212,2.5051,40523.2657,39705.563,15211.6848
213,2.5169,40311.5077,39705.563,15211.6848
214,2.5287,40206.5713,39705.563,15211.6848
215,2.5405,39722.1043,39705.563,15211.6848
216,2.5523,41119.1622,39705.563,15211.6848
217,2.5642,40288.6773,39705.563,15211.6848
218,2.576,39977.8476,39705.563,15211.6848
219,2.5878,41390.1956,39705.563,15211.6848
220,2.5996,40607.4662,39705.563,15211.6848
221,2.6114,40453.727,39705.563,15211.6848
222,2.6232,39853.4319,39705.563,15211.6848
223,2.6351,40898.8166,39705.563,15211.6848
224,2.6469,40507.5566,39705.563,15211.6848
225,2.6587,40462.7335,39705.563,15211.6848
226,2.6705,40974.22,39705.563,15211.6848
227,2.6823,40424.4034,39705.563,15211.6848
228,2.6941,40234.4287,39705.563,15211.6848
229,2.706,40261.0293,39705.563,15211.6848
230,2.7178,41375.7433,39705.563,15211.6848
231,2.7296,41550.009,39705.563,15211.6848
232,2.7414,40007.1711,39705.563,15211.6848
233,2.7532,41955.9307,39705.563,15211.6848
234,2.765,39234.2861,39705.563,15211.6848
235,2.7769,40749.8949,39705.563,15211.6848
236,2.7887,40271.7115,39705.563,15211.6848
237,2.8005,40052.8321,39705.563,15211.6848
238,2.8123,40749.6854,39705.563,15211.6848
239,2.8241,39592.0334,39705.563,15211.6848
240,2.8359,41320.4474,39705.563,15211.6848
241,2.8478,40702.1394,39705.563,15211.6848
242,2.8596,40653.965,39705.563,15211.6848
243,2.8714,41158.749,39705.563,15211.6848
244,2.8832,39896.1606,39705.563,15211.6848
245,2.895,40318.6292,39705.563,15211.6848
246,2.9068,40877.0334,39705.563,15211.6848
247,2.9187,40788.2249,39705.563,15211.6848
248,2.9305,40931.7009,39705.563,15211.6848
249,2.9423,40079.4328,39705.563,15211.6848
250,2.9541,41078.7376,39705.563,15211.6848
251,2.9659,41091.7237,39705.563,15211.6848
252,2.9777,40951.1801,39705.563,15211.6848
253,2.9896,40675.7482,39705.563,15211.6848
254,3.0014,40254.1174,39705.563,15211.6848
255,3.0132,41843.035,39705.563,15211.6848
256,3.025,41432.2958,39705.563,15211.6848
257,3.0368,41648.6618,39705.563,15211.6848
258,3.0486,40469.6455,39705.563,15211.6848
259,3.0604,41038.313,39705.563,15211.6848
260,3.0723,41110.784,39705.563,15211.6848
261,3.0841,40945.5249,39705.563,15211.6848
262,3.0959,41497.6455,39705.563,15211.6848
263,3.1077,41153.9315,39705.563,15211.6848
264,3.1195,40652.4988,39705.563,15211.6848
265,3.1313,40815.2445,39705.563,15211.6848
266,3.1432,40237.1516,39705.563,15211.6848
267,3.155,41163.1475,39705.563,15211.6848
268,3.1668,40197.5648,39705.563,15211.6848
269,3.1786,39355.9788,39705.563,15211.6848
270,3.1904,41569.6976,39705.563,15211.6848
271,3.2022,40869.2836,39705.563,15211.6848
272,3.2141,40555.3121,39705.563,15211.6848
273,3.2259,40683.498,39705.563,15211.6848
274,3.2377,40413.7213,39705.563,15211.6848
275,3.2495,40087.392,39705.563,15211.6848
276,3.2613,40509.2323,39705.563,15211.6848
277,3.2731,41105.9666,39705.563,15211.6848
278,3.285,41456.383,39705.563,15211.6848
279,3.2968,40342.9258,39705.563,15211.6848
280,3.3086,40646.6341,39705.563,15211.6848
281,3.3204,40628.8305,39705.563,15211.6848
282,3.3322,40795.1369,39705.563,15211.6848
283,3.344,39640.2078,39705.563,15211.6848
284,3.3559,40031.6773,39705.563,15211.6848
285,3.3677,40910.546,39705.563,15211.6848
286,3.3795,39996.9079,39705.563,15211.6848
287,3.3913,41106.5949,39705.563,15211.6848
288,3.4031,40859.6487,39705.563,15211.6848
289,3.4149,40502.1108,39705.563,15211.6848
290,3.4268,40219.348,39705.563,15211.6848
291,3.4386,40085.9258,39705.563,15211.6848
292,3.4504,40072.7302,39705.563,15211.6848
293,3.4622,40329.3113,39705.563,15211.6848
294,3.474,40966.0513,39705.563,15211.6848
295,3.4858,39537.9943,39705.563,15211.6848
296,3.4977,40319.2575,39705.563,15211.6848
297,3.5095,40156.0929,39705.563,15211.6848
298,3.5213,40352.7702,39705.563,15211.6848
299,3.5331,40314.859,39705.563,15211.6848
300,3.5449,40386.2828,39705.563,15211.6848
301,3.5567,40222.6993,39705.563,15211.6848
302,3.5686,40892.9519,39705.563,15211.6848
303,3.5804,39924.2274,39705.563,15211.6848
304,3.5922,39956.9022,39705.563,15211.6848
305,3.604,39908.0994,39705.563,15211.6848
306,3.6158,40535.2046,39705.563,15211.6848
307,3.6276,39800.6496,39705.563,15211.6848
308,3.6395,39593.709,39705.563,15211.6848
309,3.6513,39769.6504,39705.563,15211.6848
310,3.6631,40377.0668,39705.563,15211.6848
311,3.6749,39825.784,39705.563,15211.6848
312,3.6867,40144.5729,39705.563,15211.6848
313,3.6985,40066.0277,39705.563,15211.6848
314,3.7104,39875.0057,39705.563,15211.6848
315,3.7222,39925.4841,39705.563,15211.6848
316,3.734,39686.9161,39705.563,15211.6848
317,3.7458,39845.4727,39705.563,15211.6848
318,3.7576,41047.11,39705.563,15211.6848
319,3.7694,40833.2575,39705.563,15211.6848
320,3.7813,38773.0685,39705.563,15211.6848
321,3.7931,40358.4254,39705.563,15211.6848
322,3.8049,39779.2852,39705.563,15211.6848
323,3.8167,39209.9894,39705.563,15211.6848
324,3.8285,39187.7873,39705.563,15211.6848
325,3.8403,40284.0693,39705.563,15211.6848
326,3.8521,39262.9813,39705.563,15211.6848
327,3.864,40339.5746,39705.563,15211.6848
328,3.8758,39373.3635,39705.563,15211.6848
329,3.8876,39398.7074,39705.563,15211.6848
330,3.8994,39705.1385,39705.563,15211.6848
331,3.9112,40102.8916,39705.563,15211.6848
332,3.923,39286.2306,39705.563,15211.6848
333,3.9349,39209.5705,39705.563,15211.6848
334,3.9467,39579.6756,39705.563,15211.6848
335,3.9585,39055.6218,39705.563,15211.6848
336,3.9703,37886.8688,39705.563,15211.6848
337,3.9821,40690.8289,39705.563,15211.6848
338,3.9939,39735.2999,39705.563,15211.6848
339,4.0058,39420.7001,39705.563,15211.6848
340,4.0176,39273.2445,39705.563,15211.6848
341,4.0294,40061.8386,39705.563,15211.6848
342,4.0412,39701.3684,39705.563,15211.6848
343,4.053,38699.7596,39705.563,15211.6848
344,4.0648,39603.7628,39705.563,15211.6848
345,4.0767,39785.9878,39705.563,15211.6848
346,4.0885,38905.8623,39705.563,15211.6848
347,4.1003,40059.5346,39705.563,15211.6848
348,4.1121,39142.7547,39705.563,15211.6848
349,4.1239,38742.4882,39705.563,15211.6848
350,4.1357,39256.0693,39705.563,15211.6848
351,4.1476,39773.8394,39705.563,15211.6848
352,4.1594,39387.3969,39705.563,15211.6848
353,4.1712,39358.9112,39705.563,15211.6848
354,4.183,39042.4262,39705.563,15211.6848
355,4.1948,39128.3024,39705.563,15211.6848
356,4.2066,38878.4238,39705.563,15211.6848
357,4.2185,39782.4271,39705.563,15211.6848
358,4.2303,39183.3888,39705.563,15211.6848
359,4.2421,39769.022,39705.563,15211.6848
360,4.2539,39182.132,39705.563,15211.6848
361,4.2657,38871.7213,39705.563,15211.6848
362,4.2775,38030.1353,39705.563,15211.6848
363,4.2894,39150.295,39705.563,15211.6848
364,4.3012,39656.7547,39705.563,15211.6848
365,4.313,39613.6072,39705.563,15211.6848
366,4.3248,39057.2975,39705.563,15211.6848
367,4.3366,38765.3187,39705.563,15211.6848
368,4.3484,39814.4735,39705.563,15211.6848
369,4.3603,39039.7033,39705.563,15211.6848
370,4.3721,39649.4238,39705.563,15211.6848
371,4.3839,39585.5403,39705.563,15211.6848
372,4.3957,39998.793,39705.563,15211.6848
373,4.4075,39459.2396,39705.563,15211.6848
374,4.4193,39461.7531,39705.563,15211.6848
375,4.4312,39026.7172,39705.563,15211.6848
376,4.443,40018.4817,39705.563,15211.6848
377,4.4548,39534.643,39705.563,15211.6848
378,4.4666,39129.5591,39705.563,15211.6848
379,4.4784,40101.216,39705.563,15211.6848
380,4.4902,39659.2681,39705.563,15211.6848
381,4.5021,40214.5306,39705.563,15211.6848
382,4.5139,38697.4556,39705.563,15211.6848
383,4.5257,39371.8973,39705.563,15211.6848
384,4.5375,40199.031,39705.563,15211.6848
385,4.5493,39764.2046,39705.563,15211.6848
386,4.5611,40400.9446,39705.563,15211.6848
387,4.5729,39571.088,39705.563,15211.6848
388,4.5848,39885.8973,39705.563,15211.6848
389,4.5966,39676.6528,39705.563,15211.6848
390,4.6084,39590.3578,39705.563,15211.6848
391,4.6202,39462.172,39705.563,15211.6848
392,4.632,39700.74,39705.563,15211.6848
393,4.6438,39927.5786,39705.563,15211.6848
394,4.6557,40319.8859,39705.563,15211.6848
395,4.6675,39644.3969,39705.563,15211.6848
396,4.6793,40088.0204,39705.563,15211.6848
397,4.6911,39320.7905,39705.563,15211.6848
398,4.7029,38831.5061,39705.563,15211.6848
399,4.7147,39468.2461,39705.563,15211.6848
400,4.7266,39515.7922,39705.563,15211.6848
401,4.7384,39660.7343,39705.563,15211.6848
402,4.7502,40416.6536,39705.563,15211.6848
403,4.762,40093.0473,39705.563,15211.6848
404,4.7738,40685.383,39705.563,15211.6848
405,4.7856,41008.1516,39705.563,15211.6848
406,4.7975,40403.8769,39705.563,15211.6848
407,4.8093,40350.0473,39705.563,15211.6848
408,4.8211,40063.7237,39705.563,15211.6848
409,4.8329,39893.2282,39705.563,15211.6848
410,4.8447,40030.2111,39705.563,15211.6848
411,4.8565,40044.035,39705.563,15211.6848
412,4.8684,40245.9487,39705.563,15211.6848
413,4.8802,40041.3121,39705.563,15211.6848
414,4.892,39545.5346,39705.563,15211.6848
415,4.9038,40533.9478,39705.563,15211.6848
416,4.9156,40050.947,39705.563,15211.6848
417,4.9274,40702.5583,39705.563,15211.6848
418,4.9393,40798.9071,39705.563,15211.6848
419,4.9511,40737.1182,39705.563,15211.6848
420,4.9629,40805.4002,39705.563,15211.6848
421,4.9747,39924.6463,39705.563,15211.6848
422,4.9865,40289.5151,39705.563,15211.6848
423,4.9983,40631.3439,39705.563,15211.6848
424,5.0102,39807.5615,39705.563,15211.6848
425,5.022,40792.2046,39705.563,15211.6848
426,5.0338,40133.4719,39705.563,15211.6848
427,5.0456,39866.837,39705.563,15211.6848
428,5.0574,41215.9299,39705.563,15211.6848
429,5.0692,40754.5029,39705.563,15211.6848
430,5.0811,40394.0326,39705.563,15211.6848
431,5.0929,40088.8582,39705.563,15211.6848
432,5.1047,39984.969,39705.563,15211.6848
433,5.1165,41176.1337,39705.563,15211.6848
434,5.1283,39664.0856,39705.563,15211.6848
435,5.1401,40641.6072,39705.563,15211.6848
436,5.152,40030.8394,39705.563,15211.6848
437,5.1638,40533.11,39705.563,15211.6848
438,5.1756,40767.489,39705.563,15211.6848
439,5.1874,40635.533,39705.563,15211.6848
440,5.1992,41026.1646,39705.563,15211.6848
441,5.211,40894.4181,39705.563,15211.6848
442,5.2229,41938.1271,39705.563,15211.6848
443,5.2347,41018.8337,39705.563,15211.6848
444,5.2465,40818.1769,39705.563,15211.6848
445,5.2583,40457.7066,39705.563,15211.6848
446,5.2701,40090.3244,39705.563,15211.6848
447,5.2819,41148.4857,39705.563,15211.6848
448,5.2938,39878.1475,39705.563,15211.6848
449,5.3056,40462.7335,39705.563,15211.6848
450,5.3174,40346.696,39705.563,15211.6848
451,5.3292,41520.6854,39705.563,15211.6848
452,5.341,41406.1141,39705.563,15211.6848
453,5.3528,40350.6756,39705.563,15211.6848
454,5.3646,41427.2689,39705.563,15211.6848
455,5.3765,40624.2225,39705.563,15211.6848
456,5.3883,40747.172,39705.563,15211.6848
457,5.4001,40523.4751,39705.563,15211.6848
458,5.4119,39559.987,39705.563,15211.6848
459,5.4237,40028.7449,39705.563,15211.6848
460,5.4355,40822.9943,39705.563,15211.6848
461,5.4474,41319.4002,39705.563,15211.6848
462,5.4592,40983.0171,39705.563,15211.6848
463,5.471,40655.0122,39705.563,15211.6848
464,5.4828,40428.1736,39705.563,15211.6848
465,5.4946,40698.1597,39705.563,15211.6848
466,5.5064,41120.4189,39705.563,15211.6848
467,5.5183,39798.7645,39705.563,15211.6848
468,5.5301,41532.6243,39705.563,15211.6848
469,5.5419,40207.1997,39705.563,15211.6848
470,5.5537,40222.9087,39705.563,15211.6848
471,5.5655,40101.216,39705.563,15211.6848
472,5.5773,39988.5297,39705.563,15211.6848
473,5.5892,40855.8786,39705.563,15211.6848
474,5.601,40645.1679,39705.563,15211.6848
475,5.6128,39565.2233,39705.563,15211.6848
476,5.6246,40313.6023,39705.563,15211.6848
477,5.6364,40620.8712,39705.563,15211.6848
478,5.6482,40307.7376,39705.563,15211.6848
479,5.6601,41567.3936,39705.563,15211.6848
480,5.6719,41267.2461,39705.563,15211.6848
481,5.6837,40932.3293,39705.563,15211.6848
482,5.6955,40805.4002,39705.563,15211.6848
483,5.7073,40470.4833,39705.563,15211.6848
484,5.7191,40675.5387,39705.563,15211.6848
485,5.731,40580.4466,39705.563,15211.6848
486,5.7428,40192.9568,39705.563,15211.6848
487,5.7546,40878.9185,39705.563,15211.6848
488,5.7664,41158.9584,39705.563,15211.6848
489,5.7782,40656.2689,39705.563,15211.6848
490,5.79,40912.6406,39705.563,15211.6848
491,5.8019,41117.0676,39705.563,15211.6848
492,5.8137,39444.5778,39705.563,15211.6848
493,5.8255,41253.4222,39705.563,15211.6848
494,5.8373,41677.1475,39705.563,15211.6848
495,5.8491,40611.0269,39705.563,15211.6848
496,5.8609,40608.9324,39705.563,15211.6848
497,5.8728,40390.4719,39705.563,15211.6848
498,5.8846,40972.1255,39705.563,15211.6848
499,5.8964,41640.2836,39705.563,15211.6848
500,5.9082,40130.749,39705.563,15211.6848
501,5.92,40652.0799,39705.563,15211.6848
502,5.9318,42042.0163,39705.563,15211.6848
503,5.9437,40536.2518,39705.563,15211.6848
504,5.9555,40551.9609,39705.563,15211.6848
505,5.9673,40171.1736,39705.563,15211.6848
506,5.9791,40147.2958,39705.563,15211.6848
507,5.9909,41356.8924,39705.563,15211.6848
508,6.0027,41086.9063,39705.563,15211.6848
509,6.0146,40888.5534,39705.563,15211.6848
510,6.0264,40797.6504,39705.563,15211.6848
511,6.0382,40629.8778,39705.563,15211.6848
512,6.05,39851.128,39705.563,15211.6848
513,6.0618,40742.1451,39705.563,15211.6848
514,6.0736,40660.0391,39705.563,15211.6848
515,6.0854,39699.6927,39705.563,15211.6848
516,6.0973,40298.7311,39705.563,15211.6848
517,6.1091,41232.6862,39705.563,15211.6848
518,6.1209,40759.3203,39705.563,15211.6848
519,6.1327,40505.0432,39705.563,15211.6848
520,6.1445,40683.498,39705.563,15211.6848
521,6.1563,41214.4637,39705.563,15211.6848
522,6.1682,40210.5509,39705.563,15211.6848
523,6.18,40126.141,39705.563,15211.6848
524,6.1918,40701.9299,39705.563,15211.6848
525,6.2036,40720.1524,39705.563,15211.6848
526,6.2154,41041.0359,39705.563,15211.6848
527,6.2272,40627.5738,39705.563,15211.6848
528,6.2391,39889.2486,39705.563,15211.6848
529,6.2509,40394.4515,39705.563,15211.6848
530,6.2627,40755.1312,39705.563,15211.6848
531,6.2745,41902.1011,39705.563,15211.6848
532,6.2863,39991.0432,39705.563,15211.6848
533,6.2981,39798.555,39705.563,15211.6848
534,6.31,39281.2037,39705.563,15211.6848
535,6.3218,41473.3488,39705.563,15211.6848
536,6.3336,40820.0619,39705.563,15211.6848
537,6.3454,40763.7188,39705.563,15211.6848
538,6.3572,40714.0782,39705.563,15211.6848
539,6.369,40741.7262,39705.563,15211.6848
540,6.3809,39631.8297,39705.563,15211.6848
541,6.3927,40597.6218,39705.563,15211.6848
542,6.4045,40623.3847,39705.563,15211.6848
543,6.4163,39561.6626,39705.563,15211.6848
544,6.4281,41106.5949,39705.563,15211.6848
545,6.4399,39621.357,39705.563,15211.6848
546,6.4518,41489.6862,39705.563,15211.6848
547,6.4636,41045.4344,39705.563,15211.6848
548,6.4754,41132.1483,39705.563,15211.6848
549,6.4872,40569.1361,39705.563,15211.6848
550,6.499,39892.8093,39705.563,15211.6848
551,6.5108,38969.1174,39705.563,15211.6848
552,6.5227,40801.8394,39705.563,15211.6848
553,6.5345,41386.0065,39705.563,15211.6848
554,6.5463,40550.4947,39705.563,15211.6848
555,6.5581,40331.1964,39705.563,15211.6848
556,6.5699,41297.8264,39705.563,15211.6848
557,6.5817,39505.3195,39705.563,15211.6848
558,6.5936,40340.6218,39705.563,15211.6848
559,6.6054,40215.7873,39705.563,15211.6848
560,6.6172,39591.6145,39705.563,15211.6848
561,6.629,40209.7131,39705.563,15211.6848
562,6.6408,39391.1671,39705.563,15211.6848
563,6.6526,40442.4165,39705.563,15211.6848
564,6.6645,39442.4833,39705.563,15211.6848
565,6.6763,39710.3749,39705.563,15211.6848
566,6.6881,39780.1231,39705.563,15211.6848
567,6.6999,40220.1858,39705.563,15211.6848
568,6.7117,39735.9283,39705.563,15211.6848
569,6.7235,38868.37,39705.563,15211.6848
570,6.7354,40342.5069,39705.563,15211.6848
571,6.7472,39270.7311,39705.563,15211.6848
572,6.759,39945.5917,39705.563,15211.6848
573,6.7708,40319.0481,39705.563,15211.6848
574,6.7826,39643.1402,39705.563,15211.6848
575,6.7944,39878.357,39705.563,15211.6848
576,6.8063,40115.0399,39705.563,15211.6848
577,6.8181,39572.3447,39705.563,15211.6848
578,6.8299,39850.4996,39705.563,15211.6848
579,6.8417,40272.5493,39705.563,15211.6848
580,6.8535,38970.3741,39705.563,15211.6848
581,6.8653,40014.7115,39705.563,15211.6848
582,6.8771,38646.9772,39705.563,15211.6848
583,6.889,39254.1842,39705.563,15211.6848
584,6.9008,39455.26,39705.563,15211.6848
585,6.9126,40715.9633,39705.563,15211.6848
586,6.9244,39764.8329,39705.563,15211.6848
587,6.9362,40037.1231,39705.563,15211.6848
588,6.948,39251.6707,39705.563,15211.6848
589,6.9599,39996.9079,39705.563,15211.6848
590,6.9717,39501.9682,39705.563,15211.6848
591,6.9835,39234.0766,39705.563,15211.6848
592,6.9953,39137.9372,39705.563,15211.6848
593,7.0071,39621.5664,39705.563,15211.6848
594,7.0189,40239.4556,39705.563,15211.6848
595,7.0308,39162.2339,39705.563,15211.6848
596,7.0426,39240.5697,39705.563,15211.6848
597,7.0544,39316.6015,39705.563,15211.6848
598,7.0662,39060.6487,39705.563,15211.6848
599,7.078,39405.8289,39705.563,15211.6848
600,7.0898,38462.4482,39705.563,15211.6848
601,7.1017,39108.1948,39705.563,15211.6848
602,7.1135,39350.533,39705.563,15211.6848
603,7.1253,38699.7596,39705.563,15211.6848
604,7.1371,39430.335,39705.563,15211.6848
605,7.1489,39386.3496,39705.563,15211.6848
606,7.1607,40234.8476,39705.563,15211.6848
607,7.1726,39017.9201,39705.563,15211.6848
608,7.1844,39553.7033,39705.563,15211.6848
609,7.1962,38959.6919,39705.563,15211.6848
610,7.208,38994.4613,39705.563,15211.6848
611,7.2198,40211.5982,39705.563,15211.6848
612,7.2316,39170.1932,39705.563,15211.6848
613,7.2435,38938.3276,39705.563,15211.6848
614,7.2553,38343.4784,39705.563,15211.6848
615,7.2671,39156.9976,39705.563,15211.6848
616,7.2789,39635.5998,39705.563,15211.6848
617,7.2907,39669.5314,39705.563,15211.6848
618,7.3025,39535.8998,39705.563,15211.6848
619,7.3144,39966.956,39705.563,15211.6848
620,7.3262,39815.5208,39705.563,15211.6848
621,7.338,39645.0253,39705.563,15211.6848
622,7.3498,39264.0285,39705.563,15211.6848
623,7.3616,39220.0432,39705.563,15211.6848
624,7.3734,39171.4499,39705.563,15211.6848
625,7.3853,39075.7294,39705.563,15211.6848
626,7.3971,39327.0742,39705.563,15211.6848
627,7.4089,39730.9014,39705.563,15211.6848
628,7.4207,39479.9756,39705.563,15211.6848
629,7.4325,38876.5387,39705.563,15211.6848
630,7.4443,40361.7767,39705.563,15211.6848
631,7.4562,39362.8908,39705.563,15211.6848
632,7.468,39122.4377,39705.563,15211.6848
633,7.4798,39214.8068,39705.563,15211.6848
634,7.4916,40076.9193,39705.563,15211.6848
635,7.5034,40075.0342,39705.563,15211.6848
636,7.5152,39754.9886,39705.563,15211.6848
637,7.5271,39448.7669,39705.563,15211.6848
638,7.5389,39561.0342,39705.563,15211.6848
639,7.5507,40168.8696,39705.563,15211.6848
640,7.5625,39674.5583,39705.563,15211.6848
641,7.5743,40334.9666,39705.563,15211.6848
642,7.5861,39598.317,39705.563,15211.6848
643,7.5979,39463.2192,39705.563,15211.6848
644,7.6098,40243.0163,39705.563,15211.6848
645,7.6216,38868.7889,39705.563,15211.6848
646,7.6334,39616.9584,39705.563,15211.6848
647,7.6452,39983.9218,39705.563,15211.6848
648,7.657,38907.119,39705.563,15211.6848
649,7.6688,40569.555,39705.563,15211.6848
650,7.6807,39801.0685,39705.563,15211.6848
651,7.6925,39438.9226,39705.563,15211.6848
652,7.7043,39736.1377,39705.563,15211.6848
653,7.7161,40137.0326,39705.563,15211.6848
654,7.7279,40502.3203,39705.563,15211.6848
655,7.7397,40017.4344,39705.563,15211.6848
656,7.7516,40044.6634,39705.563,15211.6848
657,7.7634,40031.6773,39705.563,15211.6848
658,7.7752,39770.9071,39705.563,15211.6848
659,7.787,39719.172,39705.563,15211.6848
660,7.7988,40460.639,39705.563,15211.6848
661,7.8106,40400.3162,39705.563,15211.6848
662,7.8225,40546.934,39705.563,15211.6848
663,7.8343,40509.2323,39705.563,15211.6848
664,7.8461,40836.6088,39705.563,15211.6848
665,7.8579,40965.423,39705.563,15211.6848
666,7.8697,40740.4694,39705.563,15211.6848
667,7.8815,40416.8631,39705.563,15211.6848
668,7.8934,40400.9446,39705.563,15211.6848
669,7.9052,39834.5811,39705.563,15211.6848
670,7.917,40754.0839,39705.563,15211.6848
671,7.9288,40024.1369,39705.563,15211.6848
672,7.9406,40297.6838,39705.563,15211.6848
673,7.9524,40385.2355,39705.563,15211.6848
674,7.9643,40106.4523,39705.563,15211.6848
675,7.9761,40264.5901,39705.563,15211.6848
676,7.9879,39858.4588,39705.563,15211.6848
677,7.9997,40720.3619,39705.563,15211.6848
678,8.0115,40005.0766,39705.563,15211.6848
679,8.0233,40888.3439,39705.563,15211.6848
680,8.0352,40304.8052,39705.563,15211.6848
681,8.047,40547.7718,39705.563,15211.6848
682,8.0588,40070.0073,39705.563,15211.6848
683,8.0706,39437.0375,39705.563,15211.6848
684,8.0824,40579.3993,39705.563,15211.6848
685,8.0942,39882.7555,39705.563,15211.6848
686,8.1061,40646.2152,39705.563,15211.6848
687,8.1179,40228.9829,39705.563,15211.6848
688,8.1297,40557.4067,39705.563,15211.6848
689,8.1415,40915.154,39705.563,15211.6848
690,8.1533,40919.9715,39705.563,15211.6848
691,8.1651,39928.4165,39705.563,15211.6848
692,8.177,40576.8859,39705.563,15211.6848
693,8.1888,40463.3619,39705.563,15211.6848
694,8.2006,40781.5224,39705.563,15211.6848
695,8.2124,40997.8883,39705.563,15211.6848
696,8.2242,40503.577,39705.563,15211.6848
697,8.236,40059.5346,39705.563,15211.6848
698,8.2479,40577.5143,39705.563,15211.6848
699,8.2597,41540.3741,39705.563,15211.6848
700,8.2715,40572.6968,39705.563,15211.6848
701,8.2833,39920.8761,39705.563,15211.6848
702,8.2951,41191.0049,39705.563,15211.6848
703,8.3069,40624.2225,39705.563,15211.6848
704,8.3188,40430.687,39705.563,15211.6848
705,8.3306,39995.0228,39705.563,15211.6848
706,8.3424,40772.3064,39705.563,15211.6848
707,8.3542,40414.1402,39705.563,15211.6848
708,8.366,40232.3341,39705.563,15211.6848
709,8.3778,40379.1614,39705.563,15211.6848
710,8.3896,41366.3178,39705.563,15211.6848
711,8.4015,41351.6561,39705.563,15211.6848
712,8.4133,39872.2828,39705.563,15211.6848
713,8.4251,40328.683,39705.563,15211.6848
714,8.4369,40846.4531,39705.563,15211.6848
715,8.4487,41429.5729,39705.563,15211.6848
716,8.4605,41743.5444,39705.563,15211.6848
717,8.4724,40943.2209,39705.563,15211.6848
718,8.4842,40797.8598,39705.563,15211.6848
719,8.496,40207.828,39705.563,15211.6848
720,8.5078,40446.3961,39705.563,15211.6848
721,8.5196,40481.7938,39705.563,15211.6848
722,8.5314,40253.2795,39705.563,15211.6848
723,8.5433,41219.2812,39705.563,15211.6848
724,8.5551,40532.9006,39705.563,15211.6848
725,8.5669,40743.8207,39705.563,15211.6848
726,8.5787,40498.5501,39705.563,15211.6848
727,8.5905,40859.2298,39705.563,15211.6848
728,8.6023,41147.6479,39705.563,15211.6848
729,8.6142,40725.8077,39705.563,15211.6848
730,8.626,40541.0693,39705.563,15211.6848
731,8.6378,39895.7416,39705.563,15211.6848
732,8.6496,41287.9821,39705.563,15211.6848
733,8.6614,40519.4955,39705.563,15211.6848
734,8.6732,40844.987,39705.563,15211.6848
735,8.6851,41153.9315,39705.563,15211.6848
736,8.6969,41471.0448,39705.563,15211.6848
737,8.7087,40037.7514,39705.563,15211.6848
738,8.7205,40899.8639,39705.563,15211.6848
739,8.7323,40120.6952,39705.563,15211.6848
740,8.7441,41904.824,39705.563,15211.6848
741,8.756,40079.2233,39705.563,15211.6848
742,8.7678,41413.6544,39705.563,15211.6848
743,8.7796,40105.4051,39705.563,15211.6848
744,8.7914,41180.1133,39705.563,15211.6848
745,8.8032,40992.4425,39705.563,15211.6848
746,8.815,41179.4849,39705.563,15211.6848
747,8.8269,40743.8207,39705.563,15211.6848
748,8.8387,40801.63,39705.563,15211.6848
749,8.8505,40620.8712,39705.563,15211.6848
750,8.8623,41102.8248,39705.563,15211.6848
751,8.8741,40899.6544,39705.563,15211.6848
752,8.8859,41815.5966,39705.563,15211.6848
753,8.8978,40097.2363,39705.563,15211.6848
754,8.9096,39730.4825,39705.563,15211.6848
755,8.9214,40149.3904,39705.563,15211.6848
756,8.9332,41329.035,39705.563,15211.6848
757,8.945,40317.5819,39705.563,15211.6848
758,8.9568,40850.2233,39705.563,15211.6848
759,8.9687,40944.8965,39705.563,15211.6848
760,8.9805,40404.0864,39705.563,15211.6848
761,8.9923,41408.6275,39705.563,15211.6848
762,9.0041,41197.0791,39705.563,15211.6848
763,9.0159,40604.5338,39705.563,15211.6848
764,9.0277,40301.2445,39705.563,15211.6848
765,9.0396,39846.7294,39705.563,15211.6848
766,9.0514,41009.8272,39705.563,15211.6848
767,9.0632,40159.2347,39705.563,15211.6848
768,9.075,40931.0725,39705.563,15211.6848
769,9.0868,41562.5762,39705.563,15211.6848
770,9.0986,40760.1581,39705.563,15211.6848
771,9.1104,40589.0342,39705.563,15211.6848
772,9.1223,40401.3635,39705.563,15211.6848
773,9.1341,41488.8484,39705.563,15211.6848
774,9.1459,40436.5518,39705.563,15211.6848
775,9.1577,41847.643,39705.563,15211.6848
776,9.1695,41162.9381,39705.563,15211.6848
777,9.1813,39743.8875,39705.563,15211.6848
778,9.1932,40342.5069,39705.563,15211.6848
779,9.205,41499.74,39705.563,15211.6848
780,9.2168,40036.4947,39705.563,15211.6848
781,9.2286,40996.8411,39705.563,15211.6848
782,9.2404,41327.15,39705.563,15211.6848
783,9.2522,40768.7457,39705.563,15211.6848
784,9.2641,40947.2005,39705.563,15211.6848
785,9.2759,40310.6699,39705.563,15211.6848
786,9.2877,40423.5656,39705.563,15211.6848
787,9.2995,40573.7441,39705.563,15211.6848
788,9.3113,40106.4523,39705.563,15211.6848
789,9.3231,40433.6194,39705.563,15211.6848
790,9.335,40633.4385,39705.563,15211.6848
791,9.3468,40452.6797,39705.563,15211.6848
792,9.3586,41084.6023,39705.563,15211.6848
793,9.3704,40695.4368,39705.563,15211.6848
794,9.3822,39511.8126,39705.563,15211.6848
795,9.394,40044.454,39705.563,15211.6848
796,9.4059,40631.5534,39705.563,15211.6848
797,9.4177,39881.0799,39705.563,15211.6848
798,9.4295,40978.4091,39705.563,15211.6848
799,9.4413,39727.7596,39705.563,15211.6848
800,9.4531,39557.683,39705.563,15211.6848
801,9.4649,40398.2217,39705.563,15211.6848
802,9.4768,40535.8329,39705.563,15211.6848
803,9.4886,39978.6854,39705.563,15211.6848
804,9.5004,40177.8761,39705.563,15211.6848
805,9.5122,41103.2437,39705.563,15211.6848
806,9.524,40271.2926,39705.563,15211.6848
807,9.5358,40058.4874,39705.563,15211.6848
808,9.5477,39619.8908,39705.563,15211.6848
809,9.5595,40128.6544,39705.563,15211.6848
810,9.5713,39796.8794,39705.563,15211.6848
811,9.5831,40968.9837,39705.563,15211.6848
812,9.5949,40824.0416,39705.563,15211.6848
813,9.6067,39650.6805,39705.563,15211.6848
814,9.6186,39928.4165,39705.563,15211.6848
815,9.6304,40166.7751,39705.563,15211.6848
816,9.6422,40610.608,39705.563,15211.6848
817,9.654,40510.6985,39705.563,15211.6848
818,9.6658,40441.5786,39705.563,15211.6848
819,9.6776,40619.6145,39705.563,15211.6848
820,9.6895,40302.2918,39705.563,15211.6848
821,9.7013,40311.2983,39705.563,15211.6848
822,9.7131,39629.5257,39705.563,15211.6848
823,9.7249,40474.8818,39705.563,15211.6848
824,9.7367,40550.9136,39705.563,15211.6848
825,9.7485,39909.9845,39705.563,15211.6848
826,9.7604,40511.3268,39705.563,15211.6848
827,9.7722,40356.9593,39705.563,15211.6848
828,9.784,39926.3219,39705.563,15211.6848
829,9.7958,39497.5697,39705.563,15211.6848
830,9.8076,39973.868,39705.563,15211.6848
831,9.8194,39655.9169,39705.563,15211.6848
832,9.8313,39671.4165,39705.563,15211.6848
833,9.8431,40491.2192,39705.563,15211.6848
834,9.8549,40766.0228,39705.563,15211.6848
835,9.8667,39675.6055,39705.563,15211.6848
836,9.8785,39391.586,39705.563,15211.6848
837,9.8903,38776.6292,39705.563,15211.6848
838,9.9021,40417.282,39705.563,15211.6848
839,9.914,39640.2078,39705.563,15211.6848
840,9.9258,39033.2103,39705.563,15211.6848
841,9.9376,38559.4254,39705.563,15211.6848
842,9.9494,39683.7742,39705.563,15211.6848
843,9.9612,38554.608,39705.563,15211.6848
844,9.973,39614.8639,39705.563,15211.6848
845,9.9849,39265.0758,39705.563,15211.6848
846,9.9967,39933.2339,39705.563,15211.6848
847,10.0085,39223.3945,39705.563,15211.6848
848,10.0203,38969.1174,39705.563,15211.6848
849,10.0321,39705.1385,39705.563,15211.6848
850,10.0439,39572.9731,39705.563,15211.6848
851,10.0558,40156.5118,39705.563,15211.6848
852,10.0676,39568.3651,39705.563,15211.6848
853,10.0794,39814.2641,39705.563,15211.6848
854,10.0912,39336.9185,39705.563,15211.6848
855,10.103,39199.5167,39705.563,15211.6848
856,10.1148,39385.7213,39705.563,15211.6848
857,10.1267,39620.9381,39705.563,15211.6848
858,10.1385,39249.5762,39705.563,15211.6848
859,10.1503,39450.4425,39705.563,15211.6848
860,10.1621,39285.6023,39705.563,15211.6848
861,10.1739,40335.5949,39705.563,15211.6848
862,10.1857,39920.0383,39705.563,15211.6848
863,10.1976,39399.9641,39705.563,15211.6848
864,10.2094,38883.8696,39705.563,15211.6848
865,10.2212,40170.7547,39705.563,15211.6848
866,10.233,39941.6121,39705.563,15211.6848
867,10.2448,40170.5452,39705.563,15211.6848
868,10.2566,40072.7302,39705.563,15211.6848
869,10.2685,39993.9756,39705.563,15211.6848
870,10.2803,39744.3064,39705.563,15211.6848
871,10.2921,37610.8085,39705.563,15211.6848
872,10.3039,39797.7172,39705.563,15211.6848
873,10.3157,38803.4393,39705.563,15211.6848
874,10.3275,39639.1606,39705.563,15211.6848
875,10.3394,39823.48,39705.563,15211.6848
876,10.3512,39515.7922,39705.563,15211.6848
877,10.363,39714.7734,39705.563,15211.6848
878,10.3748,40456.2404,39705.563,15211.6848
879,10.3866,40237.78,39705.563,15211.6848
880,10.3984,40379.3708,39705.563,15211.6848
881,10.4103,39898.4645,39705.563,15211.6848
882,10.4221,38852.8704,39705.563,15211.6848
883,10.4339,39969.26,39705.563,15211.6848
884,10.4457,40749.2665,39705.563,15211.6848
885,10.4575,39586.1687,39705.563,15211.6848
886,10.4693,40396.965,39705.563,15211.6848
887,10.4812,39722.9421,39705.563,15211.6848
888,10.493,39191.1385,39705.563,15211.6848
889,10.5048,39328.3309,39705.563,15211.6848
890,10.5166,39667.6463,39705.563,15211.6848
891,10.5284,39874.5868,39705.563,15211.6848
892,10.5402,40307.3187,39705.563,15211.6848
893,10.5521,39946.0106,39705.563,15211.6848
894,10.5639,39751.2184,39705.563,15211.6848
895,10.5757,39526.6838,39705.563,15211.6848
896,10.5875,40653.1271,39705.563,15211.6848
897,10.5993,39216.9014,39705.563,15211.6848
898,10.6111,39147.3627,39705.563,15211.6848
899,10.6229,39541.9739,39705.563,15211.6848
900,10.6348,39069.2363,39705.563,15211.6848
901,10.6466,39559.5681,39705.563,15211.6848
902,10.6584,40000.4686,39705.563,15211.6848
903,10.6702,40212.0171,39705.563,15211.6848
904,10.682,39569.8313,39705.563,15211.6848
905,10.6938,40390.053,39705.563,15211.6848
906,10.7057,40398.4311,39705.563,15211.6848
907,10.7175,40718.2673,39705.563,15211.6848
908,10.7293,39687.5444,39705.563,15211.6848
909,10.7411,39938.8892,39705.563,15211.6848
910,10.7529,40303.5485,39705.563,15211.6848
911,10.7647,39417.3488,39705.563,15211.6848
912,10.7766,40318.4197,39705.563,15211.6848
913,10.7884,40589.0342,39705.563,15211.6848
914,10.8002,39794.7848,39705.563,15211.6848
915,10.812,40005.2861,39705.563,15211.6848
916,10.8238,39669.9503,39705.563,15211.6848
917,10.8356,41438.7889,39705.563,15211.6848
918,10.8475,40086.1353,39705.563,15211.6848
919,10.8593,40018.4817,39705.563,15211.6848
920,10.8711,40687.2681,39705.563,15211.6848
921,10.8829,40451.6324,39705.563,15211.6848
922,10.8947,40323.2372,39705.563,15211.6848
923,10.9065,41488.0106,39705.563,15211.6848
924,10.9184,40859.2298,39705.563,15211.6848
925,10.9302,41032.4482,39705.563,15211.6848
926,10.942,40480.1182,39705.563,15211.6848
927,10.9538,40733.5575,39705.563,15211.6848
928,10.9656,40270.8737,39705.563,15211.6848
929,10.9774,39751.2184,39705.563,15211.6848
930,10.9893,41326.5216,39705.563,15211.6848
931,11.0011,39955.0171,39705.563,15211.6848
932,11.0129,41136.128,39705.563,15211.6848
933,11.0247,39131.8631,39705.563,15211.6848
934,11.0365,41486.9633,39705.563,15211.6848
935,11.0483,40497.5029,39705.563,15211.6848
936,11.0602,41567.3936,39705.563,15211.6848
937,11.072,40810.846,39705.563,15211.6848
938,11.0838,41144.0872,39705.563,15211.6848
939,11.0956,40159.2347,39705.563,15211.6848
940,11.1074,40832.4197,39705.563,15211.6848
941,11.1192,41255.5167,39705.563,15211.6848
942,11.1311,40113.3643,39705.563,15211.6848
943,11.1429,39647.1198,39705.563,15211.6848
944,11.1547,41230.3822,39705.563,15211.6848
945,11.1665,40354.6553,39705.563,15211.6848
946,11.1783,40499.3879,39705.563,15211.6848
947,11.1901,40564.947,39705.563,15211.6848
948,11.202,41095.4939,39705.563,15211.6848
949,11.2138,40363.4523,39705.563,15211.6848
950,11.2256,41061.5623,39705.563,15211.6848
951,11.2374,40204.0579,39705.563,15211.6848
952,11.2492,40510.2795,39705.563,15211.6848
953,11.261,40744.868,39705.563,15211.6848
954,11.2729,40685.5925,39705.563,15211.6848
955,11.2847,40770.0024,39705.563,15211.6848
956,11.2965,40713.031,39705.563,15211.6848
957,11.3083,40661.2958,39705.563,15211.6848
958,11.3201,40930.0253,39705.563,15211.6848
959,11.3319,40578.5615,39705.563,15211.6848
960,11.3438,41141.3643,39705.563,15211.6848
961,11.3556,40755.7596,39705.563,15211.6848
962,11.3674,40614.7971,39705.563,15211.6848
963,11.3792,41092.3521,39705.563,15211.6848
964,11.391,41480.6797,39705.563,15211.6848
965,11.4028,41858.5346,39705.563,15211.6848
966,11.4146,41084.1834,39705.563,15211.6848
967,11.4265,39990.6243,39705.563,15211.6848
968,11.4383,40520.3333,39705.563,15211.6848
969,11.4501,41058.0016,39705.563,15211.6848
970,11.4619,41085.2306,39705.563,15211.6848
971,11.4737,40623.1752,39705.563,15211.6848
972,11.4855,41082.9267,39705.563,15211.6848
973,11.4974,40958.7205,39705.563,15211.6848
974,11.5092,41085.6496,39705.563,15211.6848
975,11.521,40271.0831,39705.563,15211.6848
976,11.5328,40393.8231,39705.563,15211.6848
977,11.5446,39651.7278,39705.563,15211.6848
978,11.5564,40673.4442,39705.563,15211.6848
979,11.5683,40786.9682,39705.563,15211.6848
980,11.5801,41221.7946,39705.563,15211.6848
981,11.5919,40163.2143,39705.563,15211.6848
982,11.6037,41318.9813,39705.563,15211.6848
983,11.6155,40803.0962,39705.563,15211.6848
984,11.6273,40933.3765,39705.563,15211.6848
985,11.6392,40863,39705.563,15211.6848
986,11.651,41928.7017,39705.563,15211.6848
987,11.6628,41056.7449,39705.563,15211.6848
988,11.6746,41011.7123,39705.563,15211.6848
989,11.6864,40932.9576,39705.563,15211.6848
990,11.6982,40772.7253,39705.563,15211.6848
991,11.7101,40576.8859,39705.563,15211.6848
992,11.7219,40589.872,39705.563,15211.6848
993,11.7337,39820.9666,39705.563,15211.6848
994,11.7455,40294.542,39705.563,15211.6848
995,11.7573,40967.3081,39705.563,15211.6848
996,11.7691,40433.4099,39705.563,15211.6848
997,11.781,40534.5762,39705.563,15211.6848
998,11.7928,41012.7596,39705.563,15211.6848
999,11.8046,40028.5355,39705.563,15211.6848
1000,11.8164,41671.9112,39705.563,15211.6848
1001,11.8282,40843.7302,39705.563,15211.6848
1002,11.84,41112.4597,39705.563,15211.6848
1003,11.8519,40180.8085,39705.563,15211.6848
1004,11.8637,40327.8452,39705.563,15211.6848
1005,11.8755,40137.661,39705.563,15211.6848
1006,11.8873,40575.4197,39705.563,15211.6848
1007,11.8991,40483.6789,39705.563,15211.6848
1008,11.9109,41130.0538,39705.563,15211.6848
1009,11.9228,40506.2999,39705.563,15211.6848
1010,11.9346,41587.0823,39705.563,15211.6848
1011,11.9464,40326.379,39705.563,15211.6848
1012,11.9582,39834.1622,39705.563,15211.6848
1013,11.97,40647.053,39705.563,15211.6848
1014,11.9818,41002.9152,39705.563,15211.6848
1015,11.9937,41033.4955,39705.563,15211.6848
1016,12.0055,39758.5493,39705.563,15211.6848
1017,12.0173,41007.9421,39705.563,15211.6848
1018,12.0291,40421.89,39705.563,15211.6848
1019,12.0409,39836.2567,39705.563,15211.6848
1020,12.0527,41163.7759,39705.563,15211.6848
1021,12.0646,41022.185,39705.563,15211.6848
1022,12.0764,40550.2852,39705.563,15211.6848
1023,12.0882,41161.053,39705.563,15211.6848
1024,12.1,41433.5526,39705.563,15211.6848
1025,12.1118,40947.2005,39705.563,15211.6848
1026,12.1236,39818.0342,39705.563,15211.6848
1027,12.1354,40532.4817,39705.563,15211.6848
1028,12.1473,40044.454,39705.563,15211.6848
1029,12.1591,41795.6985,39705.563,15211.6848
1030,12.1709,41976.8761,39705.563,15211.6848
1031,12.1827,40103.9389,39705.563,15211.6848
1032,12.1945,41248.3953,39705.563,15211.6848
1033,12.2063,40647.2624,39705.563,15211.6848
1034,12.2182,40326.5884,39705.563,15211.6848
1035,12.23,40174.9438,39705.563,15211.6848
1036,12.2418,41458.0587,39705.563,15211.6848
1037,12.2536,40390.2624,39705.563,15211.6848
1038,12.2654,40040.0554,39705.563,15211.6848
1039,12.2772,40658.5729,39705.563,15211.6848
1040,12.2891,41723.8557,39705.563,15211.6848
1041,12.3009,40727.6927,39705.563,15211.6848
1042,12.3127,40253.0701,39705.563,15211.6848
1043,12.3245,39789.1296,39705.563,15211.6848
1044,12.3363,40338.5273,39705.563,15211.6848
1045,12.3481,40980.7131,39705.563,15211.6848
1046,12.36,40390.053,39705.563,15211.6848
1047,12.3718,41579.1231,39705.563,15211.6848
1048,12.3836,40680.1467,39705.563,15211.6848
1049,12.3954,40570.1834,39705.563,15211.6848
1050,12.4072,40014.7115,39705.563,15211.6848
1051,12.419,41058.63,39705.563,15211.6848
1052,12.4309,40928.5591,39705.563,15211.6848
1053,12.4427,40854.6218,39705.563,15211.6848
1054,12.4545,40496.665,39705.563,15211.6848
1055,12.4663,41259.9152,39705.563,15211.6848
1056,12.4781,40406.3904,39705.563,15211.6848
1057,12.4899,40688.5249,39705.563,15211.6848
1058,12.5018,41599.0212,39705.563,15211.6848
1059,12.5136,40392.1475,39705.563,15211.6848
1060,12.5254,41304.3195,39705.563,15211.6848
1061,12.5372,40547.9813,39705.563,15211.6848
1062,12.549,40252.8606,39705.563,15211.6848
1063,12.5608,39767.5558,39705.563,15211.6848
1064,12.5727,39983.7123,39705.563,15211.6848
1065,12.5845,41031.401,39705.563,15211.6848
1066,12.5963,39869.3504,39705.563,15211.6848
1067,12.6081,40585.0546,39705.563,15211.6848
1068,12.6199,39749.7522,39705.563,15211.6848
1069,12.6317,41758.6251,39705.563,15211.6848
1070,12.6436,39919.6194,39705.563,15211.6848
1071,12.6554,39908.3089,39705.563,15211.6848
1072,12.6672,39828.7164,39705.563,15211.6848
1073,12.679,40135.5664,39705.563,15211.6848
1074,12.6908,39403.9438,39705.563,15211.6848
1075,12.7026,39717.9152,39705.563,15211.6848
1076,12.7145,40272.9682,39705.563,15211.6848
1077,12.7263,39590.7767,39705.563,15211.6848
1078,12.7381,40664.2282,39705.563,15211.6848
1079,12.7499,39608.9992,39705.563,15211.6848
1080,12.7617,40104.1483,39705.563,15211.6848
1081,12.7735,40390.2624,39705.563,15211.6848
1082,12.7854,40047.5958,39705.563,15211.6848
1083,12.7972,39735.7188,39705.563,15211.6848
1084,12.809,38935.1858,39705.563,15211.6848
1085,12.8208,40099.1214,39705.563,15211.6848
1086,12.8326,39904.1198,39705.563,15211.6848
1087,12.8444,41203.7816,39705.563,15211.6848
1088,12.8563,40197.9837,39705.563,15211.6848
1089,12.8681,40821.947,39705.563,15211.6848
1090,12.8799,39917.5249,39705.563,15211.6848
1091,12.8917,39529.8256,39705.563,15211.6848
1092,12.9035,39652.9845,39705.563,15211.6848
1093,12.9153,39843.5876,39705.563,15211.6848
1094,12.9271,40103.9389,39705.563,15211.6848
1095,12.939,40205.3146,39705.563,15211.6848
1096,12.9508,39426.1459,39705.563,15211.6848
1097,12.9626,39676.6528,39705.563,15211.6848
1098,12.9744,39643.5591,39705.563,15211.6848
1099,12.9862,40430.4776,39705.563,15211.6848
1100,12.998,39725.8745,39705.563,15211.6848
1101,13.0099,39690.2673,39705.563,15211.6848
1102,13.0217,39853.8509,39705.563,15211.6848
1103,13.0335,38862.2958,39705.563,15211.6848
1104,13.0453,38353.7416,39705.563,15211.6848
1105,13.0571,39117.8297,39705.563,15211.6848
1106,13.0689,40220.8142,39705.563,15211.6848
1107,13.0808,38209.4279,39705.563,15211.6848
1108,13.0926,39794.7848,39705.563,15211.6848
1109,13.1044,39488.3537,39705.563,15211.6848
1110,13.1162,39896.37,39705.563,15211.6848
1111,13.128,38975.1915,39705.563,15211.6848
1112,13.1398,39352.2086,39705.563,15211.6848
1113,13.1517,39325.1891,39705.563,15211.6848
1114,13.1635,39604.3912,39705.563,15211.6848
1115,13.1753,39469.7123,39705.563,15211.6848
1116,13.1871,39437.6659,39705.563,15211.6848
1117,13.1989,39295.8655,39705.563,15211.6848
1118,13.2107,38041.2363,39705.563,15211.6848
1119,13.2226,39398.498,39705.563,15211.6848
1120,13.2344,39381.3227,39705.563,15211.6848
1121,13.2462,38301.5876,39705.563,15211.6848
1122,13.258,39678.7474,39705.563,15211.6848
1123,13.2698,38428.9356,39705.563,15211.6848
1124,13.2816,39776.3529,39705.563,15211.6848
1125,13.2935,39120.762,39705.563,15211.6848
1126,13.3053,39320.7905,39705.563,15211.6848
1127,13.3171,38709.185,39705.563,15211.6848
1128,13.3289,39433.8957,39705.563,15211.6848
1129,13.3407,38908.7946,39705.563,15211.6848
1130,13.3525,39947.8957,39705.563,15211.6848
1131,13.3644,39278.8998,39705.563,15211.6848
1132,13.3762,39900.1402,39705.563,15211.6848
1133,13.388,39373.3635,39705.563,15211.6848
1134,13.3998,39783.0554,39705.563,15211.6848
1135,13.4116,39410.8557,39705.563,15211.6848
1136,13.4234,39431.8011,39705.563,15211.6848
1137,13.4353,40768.1174,39705.563,15211.6848
1138,13.4471,39388.2347,39705.563,15211.6848
1139,13.4589,39710.1654,39705.563,15211.6848
1140,13.4707,39547.2103,39705.563,15211.6848
1141,13.4825,39370.85,39705.563,15211.6848
1142,13.4943,39683.3553,39705.563,15211.6848
1143,13.5062,38430.6112,39705.563,15211.6848
1144,13.518,39892.8093,39705.563,15211.6848
1145,13.5298,41104.9193,39705.563,15211.6848
1146,13.5416,39583.8647,39705.563,15211.6848
1147,13.5534,39688.8011,39705.563,15211.6848
1148,13.5652,39927.7881,39705.563,15211.6848
1149,13.5771,39600.8305,39705.563,15211.6848
1150,13.5889,39006.1907,39705.563,15211.6848
1151,13.6007,39435.7808,39705.563,15211.6848
1152,13.6125,40005.9144,39705.563,15211.6848
1153,13.6243,39268.0081,39705.563,15211.6848
1154,13.6361,39655.9169,39705.563,15211.6848
1155,13.6479,40817.7579,39705.563,15211.6848
1156,13.6598,39875.0057,39705.563,15211.6848
1157,13.6716,39765.0424,39705.563,15211.6848
1158,13.6834,40429.6398,39705.563,15211.6848
1159,13.6952,39640.4173,39705.563,15211.6848
1160,13.707,39638.3227,39705.563,15211.6848
1161,13.7188,39190.7196,39705.563,15211.6848
1162,13.7307,40859.8582,39705.563,15211.6848
1163,13.7425,39730.0636,39705.563,15211.6848
1164,13.7543,39336.2901,39705.563,15211.6848
1165,13.7661,39461.7531,39705.563,15211.6848
1166,13.7779,40557.8256,39705.563,15211.6848
1167,13.7897,40598.4597,39705.563,15211.6848
1168,13.8016,39064.6284,39705.563,15211.6848
1169,13.8134,40457.0782,39705.563,15211.6848
1170,13.8252,39163.2812,39705.563,15211.6848
1171,13.837,39585.7498,39705.563,15211.6848
1172,13.8488,40739.6316,39705.563,15211.6848
1173,13.8606,40252.6512,39705.563,15211.6848
1174,13.8725,39995.0228,39705.563,15211.6848
1175,13.8843,40614.3782,39705.563,15211.6848
1176,13.8961,40987.2062,39705.563,15211.6848
1177,13.9079,41149.3236,39705.563,15211.6848
1178,13.9197,40999.1451,39705.563,15211.6848
1179,13.9315,41417.6341,39705.563,15211.6848
1180,13.9434,40153.5795,39705.563,15211.6848
1181,13.9552,40499.1785,39705.563,15211.6848
1182,13.967,39571.5069,39705.563,15211.6848
1183,13.9788,40922.066,39705.563,15211.6848
1184,13.9906,40323.0277,39705.563,15211.6848
1185,14.0024,39986.0163,39705.563,15211.6848
1186,14.0143,40416.8631,39705.563,15211.6848
1187,14.0261,40235.8949,39705.563,15211.6848
1188,14.0379,40855.2502,39705.563,15211.6848
1189,14.0497,40005.705,39705.563,15211.6848
1190,14.0615,41002.0774,39705.563,15211.6848
1191,14.0733,40367.6414,39705.563,15211.6848
1192,14.0852,40824.4605,39705.563,15211.6848
1193,14.097,40991.3953,39705.563,15211.6848
1194,14.1088,41278.3472,39705.563,15211.6848
1195,14.1206,40396.3366,39705.563,15211.6848
1196,14.1324,40602.4393,39705.563,15211.6848
1197,14.1442,40682.6601,39705.563,15211.6848
1198,14.1561,42090.4002,39705.563,15211.6848
1199,14.1679,39953.5509,39705.563,15211.6848
1200,14.1797,41106.176,39705.563,15211.6848
1201,14.1915,40914.1068,39705.563,15211.6848
1202,14.2033,40431.3154,39705.563,15211.6848
1203,14.2151,40429.8492,39705.563,15211.6848
1204,14.227,40185.207,39705.563,15211.6848
1205,14.2388,41009.4083,39705.563,15211.6848
1206,14.2506,39629.1068,39705.563,15211.6848
1207,14.2624,40455.1932,39705.563,15211.6848
1208,14.2742,40336.0139,39705.563,15211.6848
1209,14.286,39970.9356,39705.563,15211.6848
1210,14.2979,40121.3236,39705.563,15211.6848
1211,14.3097,39950.1997,39705.563,15211.6848
1212,14.3215,40789.6911,39705.563,15211.6848
1213,14.3333,41019.4621,39705.563,15211.6848
1214,14.3451,39688.1728,39705.563,15211.6848
1215,14.3569,39955.436,39705.563,15211.6848
1216,14.3688,40060.7914,39705.563,15211.6848
1217,14.3806,40887.2967,39705.563,15211.6848
1218,14.3924,39853.6414,39705.563,15211.6848
1219,14.4042,39928.6259,39705.563,15211.6848
1220,14.416,40293.7042,39705.563,15211.6848
1221,14.4278,40398.2217,39705.563,15211.6848
1222,14.4396,41150.3708,39705.563,15211.6848
1223,14.4515,40124.4654,39705.563,15211.6848
1224,14.4633,40986.5778,39705.563,15211.6848
1225,14.4751,40944.2681,39705.563,15211.6848
1226,14.4869,40380.4181,39705.563,15211.6848
1227,14.4987,40187.0921,39705.563,15211.6848
1228,14.5105,39362.2624,39705.563,15211.6848
1229,14.5224,40405.762,39705.563,15211.6848
1230,14.5342,39331.0538,39705.563,15211.6848
1231,14.546,39835.4189,39705.563,15211.6848
1232,14.5578,40293.2852,39705.563,15211.6848
1233,14.5696,40366.3847,39705.563,15211.6848
1234,14.5814,40308.7848,39705.563,15211.6848
1235,14.5933,40807.7042,39705.563,15211.6848
1236,14.6051,40545.0489,39705.563,15211.6848
1237,14.6169,40308.5754,39705.563,15211.6848
1238,14.6287,40546.5151,39705.563,15211.6848
1239,14.6405,40727.6927,39705.563,15211.6848
1240,14.6523,41805.7522,39705.563,15211.6848
1241,14.6642,41125.2363,39705.563,15211.6848
1242,14.676,41030.1443,39705.563,15211.6848
1243,14.6878,39561.0342,39705.563,15211.6848
1244,14.6996,40443.4637,39705.563,15211.6848
1245,14.7114,41008.78,39705.563,15211.6848
1246,14.7232,40691.8761,39705.563,15211.6848
1247,14.7351,40520.5428,39705.563,15211.6848
1248,14.7469,40675.1198,39705.563,15211.6848
1249,14.7587,40875.7767,39705.563,15211.6848
1250,14.7705,41194.3562,39705.563,15211.6848
1251,14.7823,40994.7465,39705.563,15211.6848
1252,14.7941,40460.639,39705.563,15211.6848
1253,14.806,40581.075,39705.563,15211.6848
1254,14.8178,41142.8305,39705.563,15211.6848
1255,14.8296,41443.6064,39705.563,15211.6848
1256,14.8414,40756.8068,39705.563,15211.6848
1257,14.8532,40640.3504,39705.563,15211.6848
1258,14.865,40082.3651,39705.563,15211.6848
1259,14.8769,41056.5355,39705.563,15211.6848
1260,14.8887,39826.8313,39705.563,15211.6848
1261,14.9005,40677.8427,39705.563,15211.6848
1262,14.9123,41161.8908,39705.563,15211.6848
1263,14.9241,41357.3113,39705.563,15211.6848
1264,14.9359,40558.2445,39705.563,15211.6848
1265,14.9478,41658.2967,39705.563,15211.6848
1266,14.9596,40439.903,39705.563,15211.6848
1267,14.9714,40196.727,39705.563,15211.6848
1268,14.9832,40589.872,39705.563,15211.6848
1269,14.995,40181.0179,39705.563,15211.6848
1270,15.0068,40905.1002,39705.563,15211.6848
1271,15.0187,41277.0905,39705.563,15211.6848
1272,15.0305,41002.0774,39705.563,15211.6848
1273,15.0423,40110.2225,39705.563,15211.6848
1274,15.0541,39798.555,39705.563,15211.6848
1275,15.0659,40871.1687,39705.563,15211.6848
1276,15.0777,39091.0196,39705.563,15211.6848
1277,15.0896,40871.3782,39705.563,15211.6848
1278,15.1014,40066.4466,39705.563,15211.6848
1279,15.1132,41233.524,39705.563,15211.6848
1280,15.125,40498.1312,39705.563,15211.6848
1281,15.1368,41215.0921,39705.563,15211.6848
1282,15.1486,40684.9641,39705.563,15211.6848
1283,15.1604,39660.3154,39705.563,15211.6848
1284,15.1723,40141.2217,39705.563,15211.6848
1285,15.1841,40594.0611,39705.563,15211.6848
1286,15.1959,40815.454,39705.563,15211.6848
1287,15.2077,40735.2331,39705.563,15211.6848
1288,15.2195,40878.9185,39705.563,15211.6848
1289,15.2313,40920.1809,39705.563,15211.6848
1290,15.2432,40796.8126,39705.563,15211.6848
1291,15.255,40658.154,39705.563,15211.6848
1292,15.2668,40680.3562,39705.563,15211.6848
1293,15.2786,40298.7311,39705.563,15211.6848
1294,15.2904,39898.2551,39705.563,15211.6848
1295,15.3022,40502.5297,39705.563,15211.6848
1296,15.3141,40456.2404,39705.563,15211.6848
1297,15.3259,40942.5925,39705.563,15211.6848
1298,15.3377,41171.1068,39705.563,15211.6848
1299,15.3495,40834.7237,39705.563,15211.6848
1300,15.3613,41019.4621,39705.563,15211.6848
1301,15.3731,40278.6235,39705.563,15211.6848
1302,15.385,40304.8052,39705.563,15211.6848
1303,15.3968,41536.185,39705.563,15211.6848
1304,15.4086,40601.6015,39705.563,15211.6848
1305,15.4204,40449.3284,39705.563,15211.6848
1306,15.4322,39087.6683,39705.563,15211.6848
1307,15.444,40980.9226,39705.563,15211.6848
1308,15.4559,40824.0416,39705.563,15211.6848
1309,15.4677,40236.3138,39705.563,15211.6848
1310,15.4795,40854.6218,39705.563,15211.6848
1311,15.4913,40269.617,39705.563,15211.6848
1312,15.5031,40602.6487,39705.563,15211.6848
1313,15.5149,40292.8663,39705.563,15211.6848
1314,15.5268,40116.7156,39705.563,15211.6848
1315,15.5386,41077.2714,39705.563,15211.6848
1316,15.5504,40283.6504,39705.563,15211.6848
1317,15.5622,40383.5599,39705.563,15211.6848
1318,15.574,39736.7661,39705.563,15211.6848
1319,15.5858,39526.8932,39705.563,15211.6848
1320,15.5977,39755.4075,39705.563,15211.6848
1321,15.6095,40005.9144,39705.563,15211.6848
1322,15.6213,39953.9698,39705.563,15211.6848
1323,15.6331,39526.6838,39705.563,15211.6848
1324,15.6449,40422.0994,39705.563,15211.6848
1325,15.6567,39974.0774,39705.563,15211.6848
1326,15.6686,39561.0342,39705.563,15211.6848
1327,15.6804,39764.2046,39705.563,15211.6848
1328,15.6922,38899.5786,39705.563,15211.6848
1329,15.704,40032.0962,39705.563,15211.6848
1330,15.7158,40082.1557,39705.563,15211.6848
1331,15.7276,39367.4988,39705.563,15211.6848
1332,15.7395,40851.6895,39705.563,15211.6848
1333,15.7513,40474.6724,39705.563,15211.6848
1334,15.7631,40359.0538,39705.563,15211.6848
1335,15.7749,39409.3896,39705.563,15211.6848
1336,15.7867,40330.987,39705.563,15211.6848
1337,15.7985,40754.2934,39705.563,15211.6848
1338,15.8104,39610.4654,39705.563,15211.6848
1339,15.8222,40336.4328,39705.563,15211.6848
1340,15.834,40374.1345,39705.563,15211.6848
1341,15.8458,39752.4751,39705.563,15211.6848
1342,15.8576,40197.5648,39705.563,15211.6848
1343,15.8694,39667.2274,39705.563,15211.6848
1344,15.8813,39456.0978,39705.563,15211.6848
1345,15.8931,39463.2192,39705.563,15211.6848
1346,15.9049,39204.5436,39705.563,15211.6848
1347,15.9167,40046.9674,39705.563,15211.6848
1348,15.9285,38694.5232,39705.563,15211.6848
1349,15.9403,39189.8818,39705.563,15211.6848
1350,15.9521,39723.9894,39705.563,15211.6848
1351,15.964,38872.3496,39705.563,15211.6848
1352,15.9758,38751.2852,39705.563,15211.6848
1353,15.9876,39522.4947,39705.563,15211.6848
1354,15.9994,38972.8875,39705.563,15211.6848
1355,16.0112,39504.9006,39705.563,15211.6848
1356,16.023,39654.4507,39705.563,15211.6848
1357,16.0349,40154.6267,39705.563,15211.6848
1358,16.0467,39361.2152,39705.563,15211.6848
1359,16.0585,39782.6365,39705.563,15211.6848
1360,16.0703,38739.7653,39705.563,15211.6848
1361,16.0821,40413.3024,39705.563,15211.6848
1362,16.0939,39300.8924,39705.563,15211.6848
1363,16.1058,40472.1589,39705.563,15211.6848
1364,16.1176,39033.8386,39705.563,15211.6848
1365,16.1294,39835,39705.563,15211.6848
1366,16.1412,39665.1328,39705.563,15211.6848
1367,16.153,39847.3578,39705.563,15211.6848
1368,16.1648,39101.7017,39705.563,15211.6848
1369,16.1767,39959.2062,39705.563,15211.6848
1370,16.1885,38954.0367,39705.563,15211.6848
1371,16.2003,37863.8289,39705.563,15211.6848
1372,16.2121,39903.4914,39705.563,15211.6848
1373,16.2239,38403.5917,39705.563,15211.6848
1374,16.2357,39775.3056,39705.563,15211.6848
1375,16.2476,38590.6341,39705.563,15211.6848
1376,16.2594,39510.1369,39705.563,15211.6848
1377,16.2712,38344.3162,39705.563,15211.6848
1378,16.283,38246.7107,39705.563,15211.6848
1379,16.2948,39821.3855,39705.563,15211.6848
1380,16.3066,39014.15,39705.563,15211.6848
1381,16.3185,39195.1182,39705.563,15211.6848
1382,16.3303,38791.5004,39705.563,15211.6848
1383,16.3421,39004.934,39705.563,15211.6848
1384,16.3539,39783.4743,39705.563,15211.6848
1385,16.3657,39190.0913,39705.563,15211.6848
1386,16.3775,38693.2665,39705.563,15211.6848
1387,16.3894,39935.5379,39705.563,15211.6848
1388,16.4012,39244.3399,39705.563,15211.6848
1389,16.413,39392.6333,39705.563,15211.6848
1390,16.4248,39516.0016,39705.563,15211.6848
1391,16.4366,39355.7694,39705.563,15211.6848
1392,16.4484,38819.9861,39705.563,15211.6848
1393,16.4603,39434.524,39705.563,15211.6848
1394,16.4721,39175.8484,39705.563,15211.6848
1395,16.4839,39283.0888,39705.563,15211.6848
1396,16.4957,38545.392,39705.563,15211.6848
1397,16.5075,38933.9291,39705.563,15211.6848
1398,16.5193,39709.5371,39705.563,15211.6848
1399,16.5312,39846.52,39705.563,15211.6848
1400,16.543,39710.1654,39705.563,15211.6848
1401,16.5548,38807.2095,39705.563,15211.6848
1402,16.5666,40629.8778,39705.563,15211.6848
1403,16.5784,39902.0253,39705.563,15211.6848
1404,16.5902,39035.5143,39705.563,15211.6848
1405,16.6021,39244.5493,39705.563,15211.6848
1406,16.6139,39177.7335,39705.563,15211.6848
1407,16.6257,39232.401,39705.563,15211.6848
1408,16.6375,39007.6569,39705.563,15211.6848
1409,16.6493,39507.2046,39705.563,15211.6848
1410,16.6611,40015.9682,39705.563,15211.6848
1411,16.6729,39102.749,39705.563,15211.6848
1412,16.6848,39455.8883,39705.563,15211.6848
1413,16.6966,39850.4996,39705.563,15211.6848
1414,16.7084,39938.0513,39705.563,15211.6848
1415,16.7202,38996.9747,39705.563,15211.6848
1416,16.732,38805.1149,39705.563,15211.6848
1417,16.7438,39235.5428,39705.563,15211.6848
1418,16.7557,38778.5143,39705.563,15211.6848
1419,16.7675,40061.4197,39705.563,15211.6848
1420,16.7793,38956.1312,39705.563,15211.6848
1421,16.7911,39212.5029,39705.563,15211.6848
1422,16.8029,40330.5681,39705.563,15211.6848
1423,16.8147,38891.4099,39705.563,15211.6848
1424,16.8266,37661.7058,39705.563,15211.6848
1425,16.8384,40016.5966,39705.563,15211.6848
1426,16.8502,38758.6161,39705.563,15211.6848
1427,16.862,39660.9438,39705.563,15211.6848
1428,16.8738,39506.7857,39705.563,15211.6848
1429,16.8856,39285.1834,39705.563,15211.6848
1430,16.8975,39116.3635,39705.563,15211.6848
1431,16.9093,38945.0302,39705.563,15211.6848
1432,16.9211,39848.1956,39705.563,15211.6848
1433,16.9329,38424.956,39705.563,15211.6848
1434,16.9447,38493.4474,39705.563,15211.6848
1435,16.9565,39771.1165,39705.563,15211.6848
1436,16.9684,40091.5811,39705.563,15211.6848
1437,16.9802,39920.4572,39705.563,15211.6848
1438,16.992,39244.5493,39705.563,15211.6848
1439,17.0038,39110.7082,39705.563,15211.6848
1440,17.0156,38384.7408,39705.563,15211.6848
1441,17.0274,40263.3333,39705.563,15211.6848
1442,17.0393,39191.1385,39705.563,15211.6848
1443,17.0511,39814.683,39705.563,15211.6848
1444,17.0629,39686.9161,39705.563,15211.6848
1445,17.0747,38522.1426,39705.563,15211.6848
1446,17.0865,39805.0481,39705.563,15211.6848
1447,17.0983,39528.9878,39705.563,15211.6848
1448,17.1102,39151.7612,39705.563,15211.6848
1449,17.122,38473.1304,39705.563,15211.6848
1450,17.1338,39993.1377,39705.563,15211.6848
1451,17.1456,39012.4743,39705.563,15211.6848
1452,17.1574,38998.6504,39705.563,15211.6848
1453,17.1692,39701.5778,39705.563,15211.6848
1454,17.1811,38242.9405,39705.563,15211.6848
1455,17.1929,38568.2225,39705.563,15211.6848
1456,17.2047,38689.4963,39705.563,15211.6848
1457,17.2165,39205.8003,39705.563,15211.6848
1458,17.2283,39139.194,39705.563,15211.6848
1459,17.2401,39709.5371,39705.563,15211.6848
1460,17.252,39785.9878,39705.563,15211.6848
1461,17.2638,40157.5591,39705.563,15211.6848
1462,17.2756,38446.1108,39705.563,15211.6848
1463,17.2874,39394.3089,39705.563,15211.6848
1464,17.2992,38850.9853,39705.563,15211.6848
1465,17.311,39408.9707,39705.563,15211.6848
1466,17.3229,38891.6194,39705.563,15211.6848
1467,17.3347,39177.7335,39705.563,15211.6848
1468,17.3465,39397.6601,39705.563,15211.6848
1469,17.3583,40279.2518,39705.563,15211.6848
1470,17.3701,40149.5998,39705.563,15211.6848
1471,17.3819,39442.0644,39705.563,15211.6848
1472,17.3938,39018.7579,39705.563,15211.6848
1473,17.4056,38518.7914,39705.563,15211.6848
1474,17.4174,39985.1785,39705.563,15211.6848
1475,17.4292,39017.5012,39705.563,15211.6848
1476,17.441,39939.0986,39705.563,15211.6848
1477,17.4528,40068.1222,39705.563,15211.6848
1478,17.4646,38805.9527,39705.563,15211.6848
1479,17.4765,39121.5998,39705.563,15211.6848
1480,17.4883,39377.3431,39705.563,15211.6848
1481,17.5001,39111.1271,39705.563,15211.6848
1482,17.5119,40381.8843,39705.563,15211.6848
1483,17.5237,38786.683,39705.563,15211.6848
1484,17.5355,39029.4401,39705.563,15211.6848
1485,17.5474,39102.749,39705.563,15211.6848
1486,17.5592,39195.1182,39705.563,15211.6848
1487,17.571,39269.6838,39705.563,15211.6848
1488,17.5828,38853.4988,39705.563,15211.6848
1489,17.5946,39433.4768,39705.563,15211.6848
1490,17.6064,38676.9291,39705.563,15211.6848
