Wavenumber,Difference,Abs_Difference
4000.02362,0.020662218033018237,0.020662218033018237
3996.5205386986986,0.02285339923738377,0.02285339923738377
3993.0174573973973,0.022916092737240594,0.022916092737240594
3989.514376096096,0.023655081631302498,0.023655081631302498
3986.0112947947946,0.023899712973271155,0.023899712973271155
3982.5082134934933,0.02414097563711876,0.02414097563711876
3979.005132192192,0.024528632259727914,0.024528632259727914
3975.502050890891,0.026090254684178603,0.026090254684178603
3971.9989695895897,0.027273274372337317,0.027273274372337317
3968.4958882882884,0.025897608569793652,0.025897608569793652
3964.992806986987,0.027854325824122377,0.027854325824122377
3961.4897256856857,0.02829900245027625,0.02829900245027625
3957.9866443843844,0.02890551024780903,0.02890551024780903
3954.483563083083,0.030187670495838988,0.030187670495838988
3950.9804817817817,0.029974371642879513,0.029974371642879513
3947.4774004804804,0.030431177000445876,0.030431177000445876
3943.974319179179,0.028816737182494924,0.028816737182494924
3940.4712378778777,0.03623475909937148,0.03623475909937148
3936.9681565765763,0.03553162199033444,0.03553162199033444
3933.465075275275,0.030908140436318583,0.030908140436318583
3929.961993973974,0.037653456426118614,0.037653456426118614
3926.458912672673,0.033734652352134326,0.033734652352134326
3922.9558313713715,0.03824518526740604,0.03824518526740604
3919.45275007007,0.030736084779103202,0.030736084779103202
3915.949668768769,0.036228208910105225,0.036228208910105225
3912.4465874674675,0.03888047058695409,0.03888047058695409
3908.943506166166,0.04120747503591159,0.04120747503591159
3905.440424864865,0.02538102157917787,0.02538102157917787
3901.9373435635634,0.02830203664989129,0.02830203664989129
3898.434262262262,0.038214035544032354,0.038214035544032354
3894.931180960961,0.03563517645574618,0.03563517645574618
3891.4280996596594,0.03253051360386726,0.03253051360386726
3887.925018358358,0.03341759350825105,0.03341759350825105
3884.421937057057,0.04099704143652301,0.04099704143652301
3880.918855755756,0.031296165732589434,0.031296165732589434
3877.4157744544545,0.04441837065787277,0.04441837065787277
3873.912693153153,0.03363898914027511,0.03363898914027511
3870.409611851852,0.029070653330549107,0.029070653330549107
3866.9065305505505,0.03935469671465919,0.03935469671465919
3863.403449249249,0.036073378641583886,0.036073378641583886
3859.900367947948,0.0471909241748185,0.0471909241748185
3856.3972866466465,0.013440136136047696,0.013440136136047696
3852.894205345345,0.036411967769705275,0.036411967769705275
3849.391124044044,0.0513660925902162,0.0513660925902162
3845.8880427427425,0.03771490970159988,0.03771490970159988
3842.384961441441,0.03392995935893149,0.03392995935893149
3838.8818801401403,0.0231516091520899,0.0231516091520899
3835.378798838839,0.047809665250544364,0.047809665250544364
3831.8757175375376,0.04080274297995909,0.04080274297995909
3828.3726362362363,0.04280772520508975,0.04280772520508975
3824.869554934935,0.043120091066698785,0.043120091066698785
3821.3664736336336,0.02885957545883605,0.02885957545883605
3817.8633923323323,0.03426152848574522,0.03426152848574522
3814.360311031031,0.056248022591723346,0.056248022591723346
3810.8572297297296,0.045760376929546986,0.045760376929546986
3807.3541484284283,0.03533407965755853,0.03533407965755853
3803.851067127127,0.036408153344140964,0.036408153344140964
3800.3479858258256,0.05277090776961693,0.05277090776961693
3796.8449045245243,0.0417689124652337,0.0417689124652337
3793.3418232232234,0.050446134144366495,0.050446134144366495
3789.838741921922,0.05157343060793844,0.05157343060793844
3786.3356606206207,0.04767785173134427,0.04767785173134427
3782.8325793193194,0.052390049651055995,0.052390049651055995
3779.329498018018,0.048890214190015366,0.048890214190015366
3775.8264167167167,0.057281043103171295,0.057281043103171295
3772.3233354154154,0.0449598509823949,0.0449598509823949
3768.820254114114,0.05097164399388942,0.05097164399388942
3765.3171728128127,0.048698925250420536,0.048698925250420536
3761.8140915115114,0.04428656894494077,0.04428656894494077
3758.31101021021,0.047082584912458626,0.047082584912458626
3754.8079289089087,0.03431824562846992,0.03431824562846992
3751.3048476076074,0.023748667583234996,0.023748667583234996
3747.8017663063065,0.03816203433128644,0.03816203433128644
3744.298685005005,0.030271352241993,0.030271352241993
3740.795603703704,0.043824113300593354,0.043824113300593354
3737.2925224024025,0.008565405314534338,0.008565405314534338
3733.789441101101,0.020593045792668716,0.020593045792668716
3730.2863597998,0.03592295851186587,0.03592295851186587
3726.7832784984985,0.01873905858084335,0.01873905858084335
3723.280197197197,0.0211945473342761,0.0211945473342761
3719.777115895896,0.030158703713201916,0.030158703713201916
3716.2740345945945,0.028145532034913684,0.028145532034913684
3712.770953293293,0.008092212514197464,0.008092212514197464
3709.267871991992,0.03034472615793321,0.03034472615793321
3705.7647906906905,0.030371938161707426,0.030371938161707426
3702.2617093893896,0.026161392013595797,0.026161392013595797
3698.758628088088,0.04351008018176117,0.04351008018176117
3695.255546786787,0.042591057908769575,0.042591057908769575
3691.7524654854856,0.02508707607426673,0.02508707607426673
3688.2493841841842,0.044331421642315696,0.044331421642315696
3684.746302882883,0.05902880204399594,0.05902880204399594
3681.2432215815816,0.05233201764694903,0.05233201764694903
3677.7401402802802,0.03029305276436131,0.03029305276436131
3674.237058978979,0.05913356060741902,0.05913356060741902
3670.7339776776776,0.03468931059166211,0.03468931059166211
3667.230896376376,0.06326435085893481,0.06326435085893481
3663.727815075075,0.05283220448756826,0.05283220448756826
3660.2247337737736,0.050431668065970464,0.050431668065970464
3656.7216524724727,0.04146946048398287,0.04146946048398287
3653.218571171171,0.03718145347660498,0.03718145347660498
3649.71548986987,0.014622808561484929,0.014622808561484929
3646.2124085685687,0.04259975074328082,0.04259975074328082
3642.7093272672673,0.02722488374346263,0.02722488374346263
3639.206245965966,0.021145879608396673,0.021145879608396673
3635.7031646646647,0.016315472271393655,0.016315472271393655
3632.2000833633633,0.0009478659712228443,0.0009478659712228443
3628.697002062062,-0.007419914895563956,0.007419914895563956
3625.1939207607606,0.006318158615787939,0.006318158615787939
3621.6908394594593,-0.018920400196666992,0.018920400196666992
3618.187758158158,-0.01732486896527699,0.01732486896527699
3614.6846768568566,-0.03055293700005804,0.03055293700005804
3611.1815955555558,-0.03539970525276939,0.03539970525276939
3607.678514254254,-0.041528160555637766,0.041528160555637766
3604.175432952953,-0.04657349256770682,0.04657349256770682
3600.6723516516518,-0.053375120211156465,0.053375120211156465
3597.1692703503504,-0.06410798149041132,0.06410798149041132
3593.666189049049,-0.06820821968396389,0.06820821968396389
3590.1631077477477,-0.08550093683360925,0.08550093683360925
3586.6600264464464,-0.0880002052292572,0.0880002052292572
3583.156945145145,-0.09051346507670342,0.09051346507670342
3579.6538638438437,-0.10040250865086882,0.10040250865086882
3576.1507825425424,-0.10301000297395967,0.10301000297395967
3572.647701241241,-0.11201394645061562,0.11201394645061562
3569.1446199399397,-0.12738685640309366,0.12738685640309366
3565.641538638639,-0.12349851470547908,0.12349851470547908
3562.138457337337,-0.12589630428426665,0.12589630428426665
3558.635376036036,-0.12960033543811234,0.12960033543811234
3555.132294734735,-0.13261063112743332,0.13261063112743332
3551.6292134334335,-0.13518690962210694,0.13518690962210694
3548.126132132132,-0.1418701381034145,0.1418701381034145
3544.623050830831,-0.14061822780572183,0.14061822780572183
3541.1199695295295,-0.13705366347037146,0.13705366347037146
3537.616888228228,-0.14122872911080434,0.14122872911080434
3534.113806926927,-0.14314785057852153,0.14314785057852153
3530.6107256256255,-0.14390370939602073,0.14390370939602073
3527.107644324324,-0.14319196477663293,0.14319196477663293
3523.604563023023,-0.14349685562637748,0.14349685562637748
3520.1014817217215,-0.13935619094260532,0.13935619094260532
3516.59840042042,-0.13820500209178488,0.13820500209178488
3513.0953191191193,-0.13727974342753357,0.13727974342753357
3509.592237817818,-0.13765983596318895,0.13765983596318895
3506.0891565165166,-0.13456207335988044,0.13456207335988044
3502.5860752152153,-0.1329198011034802,0.1329198011034802
3499.082993913914,-0.12852091077470873,0.12852091077470873
3495.5799126126126,-0.12750020596271427,0.12750020596271427
3492.0768313113113,-0.1256761498099392,0.1256761498099392
3488.57375001001,-0.12133743787528767,0.12133743787528767
3485.0706687087086,-0.11923519963822952,0.11923519963822952
3481.5675874074072,-0.11850993992628427,0.11850993992628427
3478.064506106106,-0.11287039088435741,0.11287039088435741
3474.561424804805,-0.11143551396196792,0.11143551396196792
3471.0583435035032,-0.10686569180828759,0.10686569180828759
3467.5552622022024,-0.10357430086641845,0.10357430086641845
3464.052180900901,-0.10109731406636437,0.10109731406636437
3460.5490995995997,-0.09809054843401574,0.09809054843401574
3457.0460182982983,-0.09422815797075731,0.09422815797075731
3453.542936996997,-0.09066366316899332,0.09066366316899332
3450.0398556956957,-0.08824779392628923,0.08824779392628923
3446.5367743943943,-0.08379871683539097,0.08379871683539097
3443.033693093093,-0.07871682335660443,0.07871682335660443
3439.5306117917917,-0.07510694100895779,0.07510694100895779
3436.0275304904903,-0.07025267245829026,0.07025267245829026
3432.524449189189,-0.06497992855399297,0.06497992855399297
3429.021367887888,-0.06308418048898629,0.06308418048898629
3425.5182865865863,-0.059143923677331886,0.059143923677331886
3422.0152052852854,-0.05426792279978958,0.05426792279978958
3418.512123983984,-0.048387738367718675,0.048387738367718675
3415.009042682683,-0.043580634424067774,0.043580634424067774
3411.5059613813814,-0.038779279902168395,0.038779279902168395
3408.00288008008,-0.03284992484893884,0.03284992484893884
3404.4997987787788,-0.0305810563707124,0.0305810563707124
3400.9967174774774,-0.025786120211233707,0.025786120211233707
3397.493636176176,-0.020917501459036827,0.020917501459036827
3393.9905548748748,-0.015642042235847586,0.015642042235847586
3390.4874735735734,-0.010572146379275546,0.010572146379275546
3386.984392272272,-0.005339513661422837,0.005339513661422837
3383.481310970971,-0.0003205775855220361,0.0003205775855220361
3379.9782296696694,0.005505481140466853,0.005505481140466853
3376.4751483683685,0.009846395698937499,0.009846395698937499
3372.972067067067,0.014498014031898376,0.014498014031898376
3369.468985765766,0.019098702420397462,0.019098702420397462
3365.9659044644645,0.022998960804698973,0.022998960804698973
3362.462823163163,0.028915670907117927,0.028915670907117927
3358.959741861862,0.03402573587338098,0.03402573587338098
3355.4566605605605,0.037346536388468965,0.037346536388468965
3351.953579259259,0.040760943725354395,0.040760943725354395
3348.450497957958,0.04627359378105933,0.04627359378105933
3344.9474166566565,0.05259004350567796,0.05259004350567796
3341.444335355355,0.05503056241066559,0.05503056241066559
3337.9412540540543,0.05970206422218663,0.05970206422218663
3334.4381727527525,0.06267144296563217,0.06267144296563217
3330.9350914514516,0.06557165824139476,0.06557165824139476
3327.43201015015,0.07043099740083097,0.07043099740083097
3323.928928848849,0.0753836849672811,0.0753836849672811
3320.4258475475476,0.07658177665771952,0.07658177665771952
3316.9227662462463,0.07966510363764918,0.07966510363764918
3313.419684944945,0.08323879454505098,0.08323879454505098
3309.9166036436436,0.08657243839725923,0.08657243839725923
3306.4135223423423,0.0876868798482921,0.0876868798482921
3302.910441041041,0.09044961742804634,0.09044961742804634
3299.4073597397396,0.09345770031177392,0.09345770031177392
3295.9042784384383,0.09720658119269518,0.09720658119269518
3292.4011971371374,0.10100585048970122,0.10100585048970122
3288.8981158358356,0.10416862312534061,0.10416862312534061
3285.3950345345347,0.10634929267614418,0.10634929267614418
3281.891953233233,0.10821221621593277,0.10821221621593277
3278.388871931932,0.11133987795098202,0.11133987795098202
3274.8857906306307,0.11283492824251513,0.11283492824251513
3271.3827093293294,0.11732086785432598,0.11732086785432598
3267.879628028028,0.11943780352324185,0.11943780352324185
3264.3765467267267,0.12069038296405686,0.12069038296405686
3260.8734654254254,0.12398857131290014,0.12398857131290014
3257.370384124124,0.1241081531033824,0.1241081531033824
3253.8673028228227,0.12615663951998649,0.12615663951998649
3250.3642215215214,0.12922529713551784,0.12922529713551784
3246.8611402202205,0.13122006042956233,0.13122006042956233
3243.3580589189187,0.13152638076649148,0.13152638076649148
3239.854977617618,0.1331838408537962,0.1331838408537962
3236.351896316316,0.13442724689749005,0.13442724689749005
3232.848815015015,0.13669837465603807,0.13669837465603807
3229.345733713714,0.1365727333579514,0.1365727333579514
3225.8426524124125,0.13644166381670508,0.13644166381670508
3222.339571111111,0.13648681045767336,0.13648681045767336
3218.83648980981,0.13637709180182622,0.13637709180182622
3215.3334085085085,0.1385562747186696,0.1385562747186696
3211.830327207207,0.13722674359486686,0.13722674359486686
3208.327245905906,0.13496799087030137,0.13496799087030137
3204.8241646046044,0.13666503019350057,0.13666503019350057
3201.321083303303,0.1348253334296735,0.1348253334296735
3197.818002002002,0.13303772121464674,0.13303772121464674
3194.314920700701,0.13239178273870852,0.13239178273870852
3190.811839399399,0.13057059122261605,0.13057059122261605
3187.308758098098,0.12926140993734003,0.12926140993734003
3183.805676796797,0.12932476978980234,0.12932476978980234
3180.3025954954956,0.12779170844430862,0.12779170844430862
3176.799514194194,0.1263238977702148,0.1263238977702148
3173.296432892893,0.12448985500585805,0.12448985500585805
3169.7933515915915,0.12239156859930028,0.12239156859930028
3166.29027029029,0.12073294682755624,0.12073294682755624
3162.787188988989,0.11823359248373001,0.11823359248373001
3159.2841076876875,0.11697755853660377,0.11697755853660377
3155.781026386386,0.11474304365241521,0.11474304365241521
3152.277945085085,0.11307996585885892,0.11307996585885892
3148.774863783784,0.10954288875469839,0.10954288875469839
3145.271782482482,0.10564686849068526,0.10564686849068526
3141.7687011811813,0.10386478016969657,0.10386478016969657
3138.26561987988,0.1017780005215535,0.1017780005215535
3134.7625385785786,0.09777668912432884,0.09777668912432884
3131.2594572772773,0.09586708185702077,0.09586708185702077
3127.756375975976,0.09264370292761569,0.09264370292761569
3124.2532946746746,0.09038734992986364,0.09038734992986364
3120.7502133733733,0.08662167219221398,0.08662167219221398
3117.247132072072,0.08357514020401613,0.08357514020401613
3113.7440507707706,0.07906418890840364,0.07906418890840364
3110.2409694694693,0.07636418015273287,0.07636418015273287
3106.737888168168,0.07417622848515244,0.07417622848515244
3103.234806866867,0.0706409655790985,0.0706409655790985
3099.7317255655653,0.0673398792814431,0.0673398792814431
3096.2286442642644,0.06195760400390084,0.06195760400390084
3092.725562962963,0.0584303223654178,0.0584303223654178
3089.2224816616617,0.05666343268897807,0.05666343268897807
3085.7194003603604,0.0522496085319393,0.0522496085319393
3082.216319059059,0.04803257340518756,0.04803257340518756
3078.7132377577577,0.044342365262909925,0.044342365262909925
3075.2101564564564,0.042037965209386984,0.042037965209386984
3071.707075155155,0.03746373788275142,0.03746373788275142
3068.2039938538537,0.03248882543904128,0.03248882543904128
3064.7009125525524,0.03014543616494708,0.03014543616494708
3061.197831251251,0.026750573835834485,0.026750573835834485
3057.69474994995,0.025695293620403556,0.025695293620403556
3054.1916686486484,0.021236179417882257,0.021236179417882257
3050.6885873473475,0.017286947026418954,0.017286947026418954
3047.185506046046,0.012977663383576254,0.012977663383576254
3043.682424744745,0.009484051205830263,0.009484051205830263
3040.1793434434435,0.00575458273485234,0.00575458273485234
3036.676262142142,0.0009929865385900558,0.0009929865385900558
3033.173180840841,-0.0019463430346566626,0.0019463430346566626
3029.6700995395395,-0.0026832954604199474,0.0026832954604199474
3026.167018238238,-0.005601574159768405,0.005601574159768405
3022.663936936937,-0.008343956023693283,0.008343956023693283
3019.1608556356355,-0.01121069606340044,0.01121069606340044
3015.657774334334,-0.013209286063370459,0.013209286063370459
3012.1546930330333,-0.015693731213557143,0.015693731213557143
3008.6516117317315,-0.01671790985452129,0.01671790985452129
3005.1485304304306,-0.01961058015889809,0.01961058015889809
3001.6454491291292,-0.020599415914692012,0.020599415914692012
2998.142367827828,-0.024931469610731987,0.024931469610731987
2994.6392865265266,-0.029795150427941876,0.029795150427941876
2991.1362052252252,-0.03329304848671013,0.03329304848671013
2987.633123923924,-0.037969363063208805,0.037969363063208805
2984.1300426226226,-0.038646674047072165,0.038646674047072165
2980.6269613213212,-0.04166183279593707,0.04166183279593707
2977.12388002002,-0.04576076025198294,0.04576076025198294
2973.620798718719,-0.048889221135214385,0.048889221135214385
2970.117717417417,-0.051700632696273986,0.051700632696273986
2966.6146361161163,-0.05456793770184562,0.05456793770184562
2963.1115548148146,-0.05234774565266204,0.05234774565266204
2959.6084735135137,-0.0443907930985015,0.0443907930985015
2956.105392212212,-0.03234239133610687,0.03234239133610687
2952.602310910911,-0.01651685209792514,0.01651685209792514
2949.0992296096097,0.004734727832622937,0.004734727832622937
2945.5961483083083,0.027428790138263826,0.027428790138263826
2942.093067007007,0.04805720192557046,0.04805720192557046
2938.5899857057057,0.06928645078889178,0.06928645078889178
2935.0869044044043,0.08910271693393049,0.08910271693393049
2931.583823103103,0.10584880710250782,0.10584880710250782
2928.080741801802,0.1217989364945298,0.1217989364945298
2924.5776605005003,0.13189648492577738,0.13189648492577738
2921.0745791991994,0.14459911618214596,0.14459911618214596
2917.5714978978976,0.15950912702879871,0.15950912702879871
2914.0684165965968,0.17239942667795183,0.17239942667795183
2910.565335295295,0.17562092639913593,0.17562092639913593
2907.062253993994,0.1747975278658438,0.1747975278658438
2903.5591726926928,0.16990883251157388,0.16990883251157388
2900.0560913913914,0.1667802528636175,0.1667802528636175
2896.55301009009,0.1644043282455891,0.1644043282455891
2893.0499287887887,0.16800300061724405,0.16800300061724405
2889.5468474874874,0.1743237666602032,0.1743237666602032
2886.043766186186,0.1903841973728591,0.1903841973728591
2882.540684884885,0.21131925592198325,0.21131925592198325
2879.0376035835834,0.2360142644599313,0.2360142644599313
2875.5345222822825,0.2658955519472803,0.2658955519472803
2872.0314409809807,0.293269097708102,0.293269097708102
2868.52835967968,0.3201570271205194,0.3201570271205194
2865.025278378378,0.3401320429304494,0.3401320429304494
2861.522197077077,0.354439439353014,0.354439439353014
2858.019115775776,0.3629248642205064,0.3629248642205064
2854.5160344744745,0.36607034513400705,0.36607034513400705
2851.012953173173,0.36604798147501294,0.36604798147501294
2847.509871871872,0.3645838483739525,0.3645838483739525
2844.0067905705705,0.3568961024588059,0.3568961024588059
2840.503709269269,0.3412539834781984,0.3412539834781984
2837.0006279679683,0.321671568258016,0.321671568258016
2833.4975466666665,0.29627788979709735,0.29627788979709735
2829.9944653653656,0.27011610287829163,0.27011610287829163
2826.491384064064,0.24276184194003297,0.24276184194003297
2822.988302762763,0.21748892062475592,0.21748892062475592
2819.485221461461,0.19323773237574193,0.19323773237574193
2815.9821401601603,0.1706476067385109,0.1706476067385109
2812.479058858859,0.15059373954922667,0.15059373954922667
2808.9759775575576,0.13219642378161706,0.13219642378161706
2805.4728962562563,0.1176045229904578,0.1176045229904578
2801.969814954955,0.1036223765341965,0.1036223765341965
2798.4667336536536,0.09153503190617819,0.09153503190617819
2794.9636523523523,0.08092019800206923,0.08092019800206923
2791.4605710510514,0.07173686823272138,0.07173686823272138
2787.9574897497496,0.06552032498421484,0.06552032498421484
2784.4544084484487,0.05862084968524009,0.05862084968524009
2780.951327147147,0.05258776747257994,0.05258776747257994
2777.448245845846,0.046744243512929086,0.046744243512929086
2773.9451645445442,0.043090529520114454,0.043090529520114454
2770.4420832432434,0.038070616199498176,0.038070616199498176
2766.939001941942,0.035308778718442284,0.035308778718442284
2763.4359206406407,0.030752259375419526,0.030752259375419526
2759.9328393393394,0.027645151004324575,0.027645151004324575
2756.429758038038,0.024423723644734843,0.024423723644734843
2752.9266767367367,0.021528261462810026,0.021528261462810026
2749.4235954354353,0.02001300846909823,0.02001300846909823
2745.9205141341345,0.01672857294568826,0.01672857294568826
2742.4174328328327,0.016610549078433172,0.016610549078433172
2738.914351531532,0.014844957568092308,0.014844957568092308
2735.41127023023,0.013533824827351833,0.013533824827351833
2731.908188928929,0.015072984729466839,0.015072984729466839
2728.4051076276273,0.015508776152147762,0.015508776152147762
2724.9020263263264,0.017593391464005764,0.017593391464005764
2721.398945025025,0.01950209539635433,0.01950209539635433
2717.895863723724,0.02205618756583487,0.02205618756583487
2714.3927824224224,0.022759887271553987,0.022759887271553987
2710.889701121121,0.024083417910507623,0.024083417910507623
2707.3866198198198,0.023116026993011275,0.023116026993011275
2703.8835385185184,0.021504454097021432,0.021504454097021432
2700.3804572172176,0.018905314280261938,0.018905314280261938
2696.8773759159158,0.016871974529478757,0.016871974529478757
2693.374294614615,0.013027734231095794,0.013027734231095794
2689.871213313313,0.009520993197549038,0.009520993197549038
2686.368132012012,0.007075223088996149,0.007075223088996149
2682.8650507107104,0.00536976949646174,0.00536976949646174
2679.3619694094095,0.004086861246454059,0.004086861246454059
2675.858888108108,0.003026243946801198,0.003026243946801198
2672.355806806807,0.0027743563030672887,0.0027743563030672887
2668.8527255055055,0.002626912932536439,0.002626912932536439
2665.349644204204,0.004495335175982263,0.004495335175982263
2661.846562902903,0.006107347330101289,0.006107347330101289
2658.3434816016015,0.011317202902308886,0.011317202902308886
2654.8404003003,0.018853269301399946,0.018853269301399946
2651.337318998999,0.025541710435950514,0.025541710435950514
2647.834237697698,0.03317902773882476,0.03317902773882476
2644.331156396396,0.03984287625583037,0.03984287625583037
2640.8280750950953,0.04751930711730026,0.04751930711730026
2637.3249937937935,0.05323548686359571,0.05323548686359571
2633.8219124924926,0.05841198926519425,0.05841198926519425
2630.3188311911913,0.06498052183435575,0.06498052183435575
2626.81574988989,0.07107444143633534,0.07107444143633534
2623.3126685885886,0.07693386610952482,0.07693386610952482
2619.8095872872873,0.08177253413188809,0.08177253413188809
2616.306505985986,0.08743165119330673,0.08743165119330673
2612.8034246846846,0.09038768089155341,0.09038768089155341
2609.3003433833833,0.09357253403603713,0.09357253403603713
2605.797262082082,0.09726493717474685,0.09726493717474685
2602.294180780781,0.10201335877306303,0.10201335877306303
2598.7910994794793,0.10521732999933017,0.10521732999933017
2595.2880181781784,0.10919271227902488,0.10919271227902488
2591.7849368768766,0.10995767395291425,0.10995767395291425
2588.2818555755757,0.11212050019222355,0.11212050019222355
2584.7787742742744,0.1142456323493965,0.1142456323493965
2581.275692972973,0.1178656572571318,0.1178656572571318
2577.7726116716717,0.11793645334628,0.11793645334628
2574.2695303703704,0.11934610356322123,0.11934610356322123
2570.766449069069,0.12171267511281025,0.12171267511281025
2567.2633677677677,0.12158466552095737,0.12158466552095737
2563.7602864664664,0.12147898674842983,0.12147898674842983
2560.257205165165,0.12280754476768263,0.12280754476768263
2556.754123863864,0.12280873211601345,0.12280873211601345
2553.2510425625624,0.12210200980063046,0.12210200980063046
2549.7479612612615,0.12136644567386656,0.12136644567386656
2546.2448799599597,0.12148790391395009,0.12148790391395009
2542.741798658659,0.12078443920601811,0.12078443920601811
2539.2387173573575,0.11993029363035401,0.11993029363035401
2535.735636056056,0.12224439485619537,0.12224439485619537
2532.232554754755,0.11919380433501425,0.11919380433501425
2528.7294734534535,0.12003361654015438,0.12003361654015438
2525.226392152152,0.11761982398861537,0.11761982398861537
2521.723310850851,0.11853498749753494,0.11853498749753494
2518.2202295495495,0.12029329280702988,0.12029329280702988
2514.717148248248,0.11917397428961962,0.11917397428961962
2511.2140669469472,0.11602661729489266,0.11602661729489266
2507.7109856456455,0.11718657462209148,0.11718657462209148
2504.2079043443446,0.11651185201811876,0.11651185201811876
2500.704823043043,0.11910276294201483,0.11910276294201483
2497.201741741742,0.12007870602486881,0.12007870602486881
2493.6986604404406,0.12284296009510315,0.12284296009510315
2490.195579139139,0.12406410987129601,0.12406410987129601
2486.692497837838,0.12354757030770952,0.12354757030770952
2483.1894165365366,0.1252187212724597,0.1252187212724597
2479.686335235235,0.12495765275460863,0.12495765275460863
2476.183253933934,0.12637311670215207,0.12637311670215207
2472.6801726326325,0.12724757303084644,0.12724757303084644
2469.177091331331,0.12940984340946388,0.12940984340946388
2465.6740100300303,0.12989567787552475,0.12989567787552475
2462.1709287287285,0.13016943859241092,0.13016943859241092
2458.6678474274277,0.13014886323250668,0.13014886323250668
2455.164766126126,0.1302885391057177,0.1302885391057177
2451.661684824825,0.13092014667310625,0.13092014667310625
2448.158603523523,0.12886919360004834,0.12886919360004834
2444.6555222222223,0.12690973563229202,0.12690973563229202
2441.152440920921,0.12422672892435299,0.12422672892435299
2437.6493596196196,0.12137385705596648,0.12137385705596648
2434.1462783183183,0.11704381128130109,0.11704381128130109
2430.643197017017,0.11300064290113537,0.11300064290113537
2427.1401157157156,0.10807808407331915,0.10807808407331915
2423.6370344144143,0.10109709597001104,0.10109709597001104
2420.1339531131134,0.09613686654669978,0.09613686654669978
2416.6308718118116,0.09120991921568772,0.09120991921568772
2413.1277905105107,0.0865421428175398,0.0865421428175398
2409.624709209209,0.07992468368221078,0.07992468368221078
2406.121627907908,0.07328734335133502,0.07328734335133502
2402.6185466066063,0.06642810546219802,0.06642810546219802
2399.1154653053054,0.06304266391773444,0.06304266391773444
2395.612384004004,0.05729199626448872,0.05729199626448872
2392.1093027027027,0.05117676161023135,0.05117676161023135
2388.6062214014014,0.04514953397301258,0.04514953397301258
2385.1031401001,0.03883212919544499,0.03883212919544499
2381.6000587987987,0.03184719084099258,0.03184719084099258
2378.0969774974974,0.026790188457976455,0.026790188457976455
2374.5938961961965,0.018143873137614258,0.018143873137614258
2371.0908148948947,0.009898718012682634,0.009898718012682634
2367.587733593594,0.0032431894535645683,0.0032431894535645683
2364.084652292292,-0.004169890512847357,0.004169890512847357
2360.581570990991,-0.012076602398908398,0.012076602398908398
2357.0784896896894,-0.016891659083353563,0.016891659083353563
2353.5754083883885,-0.020339194720304682,0.020339194720304682
2350.072327087087,-0.01929845649600745,0.01929845649600745
2346.569245785786,-0.01721939635556513,0.01721939635556513
2343.0661644844845,-0.021092418716481744,0.021092418716481744
2339.563083183183,-0.024109482143928794,0.024109482143928794
2336.060001881882,-0.028461125482185858,0.028461125482185858
2332.5569205805805,-0.03223126475169699,0.03223126475169699
2329.0538392792796,-0.03512556244941885,0.03512556244941885
2325.550757977978,-0.034701834491589284,0.034701834491589284
2322.047676676677,-0.025137640517348944,0.025137640517348944
2318.544595375375,-0.020643365795382174,0.020643365795382174
2315.0415140740743,-0.016808023792074467,0.016808023792074467
2311.5384327727725,-0.012154113104547143,0.012154113104547143
2308.0353514714716,-0.011874058414665267,0.011874058414665267
2304.5322701701702,-0.011005062067929089,0.011005062067929089
2301.029188868869,-0.011987562689746267,0.011987562689746267
2297.5261075675676,-0.010822476720999119,0.010822476720999119
2294.0230262662662,-0.007678408371322748,0.007678408371322748
2290.519944964965,-0.005922656512793445,0.005922656512793445
2287.0168636636636,-0.004716923701137243,0.004716923701137243
2283.5137823623627,-0.0033857459086321096,0.0033857459086321096
2280.010701061061,-0.003038945987273667,0.003038945987273667
2276.50761975976,0.0007427326282907765,0.0007427326282907765
2273.0045384584582,0.0010418802090294,0.0010418802090294
2269.5014571571573,0.0009125892295770988,0.0009125892295770988
2265.9983758558556,-0.004581115898943111,0.004581115898943111
2262.4952945545547,-0.007500927117874812,0.007500927117874812
2258.9922132532533,-0.009428559254259172,0.009428559254259172
2255.489131951952,-0.011129739223945612,0.011129739223945612
2251.9860506506507,-0.015555132659113013,0.015555132659113013
2248.4829693493493,-0.018226631176784247,0.018226631176784247
2244.979888048048,-0.02385461814231149,0.02385461814231149
2241.4768067467467,-0.0244396530247723,0.0244396530247723
2237.973725445446,-0.020444703279910492,0.020444703279910492
2234.470644144144,-0.02604038189519786,0.02604038189519786
2230.967562842843,-0.0297245267399856,0.0297245267399856
2227.4644815415413,-0.034199336582949214,0.034199336582949214
2223.9614002402404,-0.03629891528276019,0.03629891528276019
2220.4583189389386,-0.041676275718324496,0.041676275718324496
2216.9552376376378,-0.044590964869248184,0.044590964869248184
2213.4521563363364,-0.04927095496934364,0.04927095496934364
2209.949075035035,-0.05281827900733976,0.05281827900733976
2206.4459937337338,-0.05306323240688804,0.05306323240688804
2202.9429124324324,-0.05978878616985733,0.05978878616985733
2199.439831131131,-0.05963535652093327,0.05963535652093327
2195.9367498298298,-0.07091100611214501,0.07091100611214501
2192.433668528529,-0.07887619980666327,0.07887619980666327
2188.930587227227,-0.07703514462148492,0.07703514462148492
2185.427505925926,-0.07365294298679093,0.07365294298679093
2181.9244246246244,-0.08096456675614211,0.08096456675614211
2178.4213433233235,-0.09403734559424959,0.09403734559424959
2174.9182620220217,-0.08138796634636702,0.08138796634636702
2171.415180720721,-0.08046076855146828,0.08046076855146828
2167.9120994194195,-0.08488075022492891,0.08488075022492891
2164.409018118118,-0.08787602857914728,0.08787602857914728
2160.905936816817,-0.09350231539932652,0.09350231539932652
2157.4028555155155,-0.09811885987402558,0.09811885987402558
2153.899774214214,-0.11023024693893396,0.11023024693893396
2150.396692912913,-0.1142035684148634,0.1142035684148634
2146.893611611612,-0.11130107490290087,0.11130107490290087
2143.39053031031,-0.11291496155254072,0.11291496155254072
2139.8874490090093,-0.11902199423889356,0.11902199423889356
2136.3843677077075,-0.11494707401093829,0.11494707401093829
2132.8812864064066,-0.11455220313991757,0.11455220313991757
2129.378205105105,-0.11151488896024939,0.11151488896024939
2125.875123803804,-0.11369377305191179,0.11369377305191179
2122.3720425025026,-0.11637407433699568,0.11637407433699568
2118.8689612012013,-0.11570786463477412,0.11570786463477412
2115.3658798999,-0.1186266458774044,0.1186266458774044
2111.8627985985986,-0.11897622280973275,0.11897622280973275
2108.3597172972973,-0.11911211286362978,0.11911211286362978
2104.856635995996,-0.11909655286930655,0.11909655286930655
2101.353554694695,-0.12019821021844547,0.12019821021844547
2097.8504733933933,-0.12275778787385261,0.12275778787385261
2094.3473920920924,-0.12643117464180448,0.12643117464180448
2090.8443107907906,-0.12401732047382097,0.12401732047382097
2087.3412294894897,-0.12033927349582825,0.12033927349582825
2083.838148188188,-0.12033182239919564,0.12033182239919564
2080.335066886887,-0.1155977161442215,0.1155977161442215
2076.8319855855857,-0.12015708293751805,0.12015708293751805
2073.3289042842844,-0.1254490092375506,0.1254490092375506
2069.825822982983,-0.12569197205983987,0.12569197205983987
2066.3227416816817,-0.12743759218435172,0.12743759218435172
2062.8196603803804,-0.1295078189973768,0.1295078189973768
2059.316579079079,-0.12714817143247187,0.12714817143247187
2055.813497777778,-0.13340605746077042,0.13340605746077042
2052.3104164764763,-0.13230072646475216,0.13230072646475216
2048.8073351751755,-0.13073161135123013,0.13073161135123013
2045.304253873874,-0.1381001309211895,0.1381001309211895
2041.8011725725726,-0.13589709717988707,0.13589709717988707
2038.2980912712712,-0.14318325109544108,0.14318325109544108
2034.79500996997,-0.14946415123747628,0.14946415123747628
2031.2919286686688,-0.15459542195426593,0.15459542195426593
2027.7888473673675,-0.15497915944407176,0.15497915944407176
2024.2857660660661,-0.14625586906678245,0.14625586906678245
2020.7826847647648,-0.14410859489117483,0.14410859489117483
2017.2796034634634,-0.13992488116315344,0.13992488116315344
2013.776522162162,-0.14100146264773572,0.14100146264773572
2010.273440860861,-0.1422124122918038,0.1422124122918038
2006.7703595595597,-0.1445619728874984,0.1445619728874984
2003.2672782582583,-0.13543339811464644,0.13543339811464644
1999.764196956957,-0.1407809780665236,0.1407809780665236
1996.2611156556557,-0.13940619599964202,0.13940619599964202
1992.7580343543543,-0.13754687956007236,0.13754687956007236
1989.254953053053,-0.1351682920226416,0.1351682920226416
1985.7518717517519,-0.13412544786409353,0.13412544786409353
1982.2487904504505,-0.13880752466723728,0.13880752466723728
1978.7457091491492,-0.13759417981054595,0.13759417981054595
1975.2426278478479,-0.13801573200559947,0.13801573200559947
1971.7395465465465,-0.1436757949903833,0.1436757949903833
1968.2364652452452,-0.14197044279130067,0.14197044279130067
1964.733383943944,-0.14712006715028647,0.14712006715028647
1961.2303026426428,-0.14112772861911177,0.14112772861911177
1957.7272213413414,-0.127760517548831,0.127760517548831
1954.22414004004,-0.12856720628151727,0.12856720628151727
1950.721058738739,-0.12249082600943342,0.12249082600943342
1947.2179774374376,-0.119303574861293,0.119303574861293
1943.7148961361363,-0.11409185225708326,0.11409185225708326
1940.211814834835,-0.11125845631056688,0.11125845631056688
1936.7087335335336,-0.10593240340774757,0.10593240340774757
1933.2056522322323,-0.10423045608362369,0.10423045608362369
1929.702570930931,-0.09657544351929148,0.09657544351929148
1926.1994896296296,-0.09264918145765005,0.09264918145765005
1922.6964083283283,-0.09014802379364358,0.09014802379364358
1919.193327027027,-0.08887889119672598,0.08887889119672598
1915.6902457257256,-0.08788322660305445,0.08788322660305445
1912.1871644244243,-0.08226007803177422,0.08226007803177422
1908.684083123123,-0.07882878618959964,0.07882878618959964
1905.181001821822,-0.07943523362403819,0.07943523362403819
1901.6779205205207,-0.07469882523006834,0.07469882523006834
1898.1748392192194,-0.07793668927653034,0.07793668927653034
1894.671757917918,-0.06735219516221683,0.06735219516221683
1891.1686766166167,-0.05986068239500951,0.05986068239500951
1887.6655953153154,-0.06921929176957253,0.06921929176957253
1884.162514014014,-0.06627336333887407,0.06627336333887407
1880.6594327127127,-0.06167160817529825,0.06167160817529825
1877.1563514114114,-0.0600205111982445,0.0600205111982445
1873.65327011011,-0.05839309651781886,0.05839309651781886
1870.1501888088087,-0.05315021480423643,0.05315021480423643
1866.6471075075074,-0.058684479128517444,0.058684479128517444
1863.144026206206,-0.05437353978279201,0.05437353978279201
1859.6409449049052,-0.05083959414517847,0.05083959414517847
1856.1378636036038,-0.04947142289253066,0.04947142289253066
1852.6347823023025,-0.04727494500918601,0.04727494500918601
1849.1317010010011,-0.04792143502029185,0.04792143502029185
1845.6286196996998,-0.03985050543236007,0.03985050543236007
1842.1255383983985,-0.04233496638277251,0.04233496638277251
1838.6224570970971,-0.04198603607459976,0.04198603607459976
1835.1193757957958,-0.04050932407586767,0.04050932407586767
1831.6162944944945,-0.03525737125661421,0.03525737125661421
1828.1132131931931,-0.03489643653003524,0.03489643653003524
1824.6101318918918,-0.03401536079804077,0.03401536079804077
1821.1070505905905,-0.032459969862126584,0.032459969862126584
1817.6039692892891,-0.030790608023555648,0.030790608023555648
1814.1008879879882,-0.027366229881159256,0.027366229881159256
1810.597806686687,-0.026262640429451853,0.026262640429451853
1807.0947253853856,-0.023857093686449934,0.023857093686449934
1803.5916440840842,-0.02388841214012162,0.02388841214012162
1800.088562782783,-0.025892369030636474,0.025892369030636474
1796.5854814814816,-0.023677187800419653,0.023677187800419653
1793.0824001801802,-0.022775101574149213,0.022775101574149213
1789.579318878879,-0.028084455489790137,0.028084455489790137
1786.0762375775776,-0.027625125466445754,0.027625125466445754
1782.5731562762762,-0.032191855257009676,0.032191855257009676
1779.070074974975,-0.03502472733421299,0.03502472733421299
1775.5669936736736,-0.03510658954280474,0.03510658954280474
1772.0639123723722,-0.0390562686189698,0.0390562686189698
1768.5608310710713,-0.04083986217411701,0.04083986217411701
1765.05774976977,-0.04673022080015335,0.04673022080015335
1761.5546684684687,-0.04942896635769983,0.04942896635769983
1758.0515871671673,-0.05383960122362967,0.05383960122362967
1754.548505865866,-0.055203065272546675,0.055203065272546675
1751.0454245645647,-0.052398011449887066,0.052398011449887066
1747.5423432632633,-0.056917316017884315,0.056917316017884315
1744.039261961962,-0.05840620798195252,0.05840620798195252
1740.5361806606606,-0.06179604468037149,0.06179604468037149
1737.0330993593593,-0.06231716219072671,0.06231716219072671
1733.530018058058,-0.06726736717674024,0.06726736717674024
1730.0269367567566,-0.07651182771251126,0.07651182771251126
1726.5238554554553,-0.0792353492300561,0.0792353492300561
1723.0207741541544,-0.08792837009334739,0.08792837009334739
1719.517692852853,-0.0897942183947418,0.0897942183947418
1716.0146115515518,-0.1041851308478,0.1041851308478
1712.5115302502504,-0.1125560652694322,0.1125560652694322
1709.008448948949,-0.11285990657804082,0.11285990657804082
1705.5053676476477,-0.11342701068464259,0.11342701068464259
1702.0022863463464,-0.10505216135931221,0.10505216135931221
1698.499205045045,-0.11453848047786166,0.11453848047786166
1694.9961237437437,-0.11384030216702837,0.11384030216702837
1691.4930424424424,-0.10617550425588623,0.10617550425588623
1687.989961141141,-0.1007969046614231,0.1007969046614231
1684.4868798398397,-0.09620345220661006,0.09620345220661006
1680.9837985385384,-0.1017606909217112,0.1017606909217112
1677.4807172372375,-0.09771317394058386,0.09771317394058386
1673.9776359359362,-0.10262112861806626,0.10262112861806626
1670.4745546346348,-0.09976739024966269,0.09976739024966269
1666.9714733333335,-0.11135468846906565,0.11135468846906565
1663.4683920320322,-0.11555739475548861,0.11555739475548861
1659.9653107307308,-0.1270866349720159,0.1270866349720159
1656.4622294294295,-0.1300013448786467,0.1300013448786467
1652.9591481281282,-0.13540968786966,0.13540968786966
1649.4560668268268,-0.1519075991712569,0.1519075991712569
1645.9529855255255,-0.16797811655640485,0.16797811655640485
1642.4499042242242,-0.18153766075683656,0.18153766075683656
1638.9468229229228,-0.19307947157013394,0.19307947157013394
1635.4437416216215,-0.2108354432728401,0.2108354432728401
1631.9406603203201,-0.2273454722166489,0.2273454722166489
1628.4375790190193,-0.2411923617348017,0.2411923617348017
1624.934497717718,-0.2549234153908001,0.2549234153908001
1621.4314164164166,-0.2767309414150744,0.2767309414150744
1617.9283351151153,-0.2861959788519046,0.2861959788519046
1614.425253813814,-0.3079240135146296,0.3079240135146296
1610.9221725125126,-0.31473129088019314,0.31473129088019314
1607.4190912112113,-0.32005928999359506,0.32005928999359506
1603.91600990991,-0.3226377660860196,0.3226377660860196
1600.4129286086086,-0.3224742838484789,0.3224742838484789
1596.9098473073072,-0.31957770214477954,0.31957770214477954
1593.406766006006,-0.312627553296296,0.312627553296296
1589.9036847047046,-0.30477584839612265,0.30477584839612265
1586.4006034034032,-0.29797284774824534,0.29797284774824534
1582.8975221021024,-0.28900644484428806,0.28900644484428806
1579.394440800801,-0.27792631106001486,0.27792631106001486
1575.8913594994997,-0.26654135290304876,0.26654135290304876
1572.3882781981983,-0.25799275937688143,0.25799275937688143
1568.885196896897,-0.251122241492316,0.251122241492316
1565.3821155955957,-0.23794451695157398,0.23794451695157398
1561.8790342942943,-0.2200044586732977,0.2200044586732977
1558.375952992993,-0.21402677079966936,0.21402677079966936
1554.8728716916917,-0.20859450271284127,0.20859450271284127
1551.3697903903903,-0.20206554627640244,0.20206554627640244
1547.866709089089,-0.194556106008866,0.194556106008866
1544.3636277877877,-0.18344914969767387,0.18344914969767387
1540.8605464864863,-0.17489398690449745,0.17489398690449745
1537.3574651851854,-0.18230352291382107,0.18230352291382107
1533.854383883884,-0.17130428735599154,0.17130428735599154
1530.3513025825828,-0.16908005867438827,0.16908005867438827
1526.8482212812814,-0.15827609771054296,0.15827609771054296
1523.34513997998,-0.151958294546578,0.151958294546578
1519.8420586786788,-0.15185750500026787,0.15185750500026787
1516.3389773773774,-0.1423998667899944,0.1423998667899944
1512.835896076076,-0.1291366691697899,0.1291366691697899
1509.3328147747748,-0.1120904743306011,0.1120904743306011
1505.8297334734734,-0.10675242351481501,0.10675242351481501
1502.326652172172,-0.09516111129763263,0.09516111129763263
1498.8235708708708,-0.07931682596604601,0.07931682596604601
1495.3204895695694,-0.06722441124153339,0.06722441124153339
1491.8174082682685,-0.05413223164537751,0.05413223164537751
1488.3143269669672,-0.04748425354423383,0.04748425354423383
1484.8112456656659,-0.040171107078413884,0.040171107078413884
1481.3081643643645,-0.03212973050763847,0.03212973050763847
1477.8050830630632,-0.023424841192751567,0.023424841192751567
1474.3020017617619,-0.011915355467517166,0.011915355467517166
1470.7989204604605,-0.004702243506853221,0.004702243506853221
1467.2958391591592,0.013137497279680055,0.013137497279680055
1463.7927578578579,0.034257539435015444,0.034257539435015444
1460.2896765565565,0.05959861644271394,0.05959861644271394
1456.7865952552552,0.08452940852520258,0.08452940852520258
1453.2835139539538,0.09431889237123225,0.09431889237123225
1449.7804326526525,0.10403056888310067,0.10403056888310067
1446.2773513513516,0.0958016381736208,0.0958016381736208
1442.7742700500503,0.07896963141351998,0.07896963141351998
1439.271188748749,0.06069753607952674,0.06069753607952674
1435.7681074474476,0.040269775834119614,0.040269775834119614
1432.2650261461463,0.025633882771953137,0.025633882771953137
1428.761944844845,0.015476744943553139,0.015476744943553139
1425.2588635435436,0.011840368327183964,0.011840368327183964
1421.7557822422423,0.0073478508482172356,0.0073478508482172356
1418.252700940941,0.0004122749545640847,0.0004122749545640847
1414.7496196396396,-0.007762635881930782,0.007762635881930782
1411.2465383383383,-0.01716891432929704,0.01716891432929704
1407.743457037037,-0.025563239374539554,0.025563239374539554
1404.2403757357356,-0.03629851297759329,0.03629851297759329
1400.7372944344347,-0.042122145436686964,0.042122145436686964
1397.2342131331334,-0.04767900635878765,0.04767900635878765
1393.731131831832,-0.04694676394616358,0.04694676394616358
1390.2280505305307,-0.03590948658075249,0.03590948658075249
1386.7249692292294,-0.01642589700861763,0.01642589700861763
1383.221887927928,0.00940819860434769,0.00940819860434769
1379.7188066266267,0.052338738744298785,0.052338738744298785
1376.2157253253254,0.1052817421950184,0.1052817421950184
1372.712644024024,0.1622355847688926,0.1622355847688926
1369.2095627227227,0.20824604586140172,0.20824604586140172
1365.7064814214214,0.2396238479450844,0.2396238479450844
1362.20340012012,0.2461856705062021,0.2461856705062021
1358.7003188188187,0.2256205873244297,0.2256205873244297
1355.1972375175178,0.19311511561592293,0.19311511561592293
1351.6941562162165,0.14776934502991007,0.14776934502991007
1348.1910749149151,0.10571009036059925,0.10571009036059925
1344.6879936136138,0.06762167304669597,0.06762167304669597
1341.1849123123125,0.039538075671360695,0.039538075671360695
1337.6818310110111,0.01846976058134106,0.01846976058134106
1334.1787497097098,0.002919413761260703,0.002919413761260703
1330.6756684084085,-0.008302289691808157,0.008302289691808157
1327.1725871071071,-0.015516264500921556,0.015516264500921556
1323.6695058058058,-0.01859336021729624,0.01859336021729624
1320.1664245045044,-0.021944411542647063,0.021944411542647063
1316.663343203203,-0.02097580742659394,0.02097580742659394
1313.1602619019018,-0.021399751834673755,0.021399751834673755
1309.6571806006004,-0.02172339085301242,0.02172339085301242
1306.1540992992996,-0.020884137909155928,0.020884137909155928
1302.6510179979982,-0.02125597243874544,0.02125597243874544
1299.147936696697,-0.022472762010429193,0.022472762010429193
1295.6448553953956,-0.024956775017925453,0.024956775017925453
1292.1417740940942,-0.027256380845515293,0.027256380845515293
1288.6386927927929,-0.026945901326560315,0.026945901326560315
1285.1356114914915,-0.025326226415288464,0.025326226415288464
1281.6325301901902,-0.02494377294917753,0.02494377294917753
1278.1294488888889,-0.02353745657039305,0.02353745657039305
1274.6263675875875,-0.022368028817318683,0.022368028817318683
1271.1232862862862,-0.02247395282684532,0.02247395282684532
1267.6202049849849,-0.026262022951003022,0.026262022951003022
1264.1171236836835,-0.03329749907727354,0.03329749907727354
1260.6140423823826,-0.040065078808394716,0.040065078808394716
1257.1109610810813,-0.04628072389422644,0.04628072389422644
1253.60787977978,-0.05008244649813863,0.05008244649813863
1250.1047984784786,-0.04905946752462512,0.04905946752462512
1246.6017171771773,-0.04320102382182897,0.04320102382182897
1243.098635875876,-0.033125591924660316,0.033125591924660316
1239.5955545745746,-0.024132571483260923,0.024132571483260923
1236.0924732732733,-0.014731771783405512,0.014731771783405512
1232.589391971972,-0.00939692552088632,0.00939692552088632
1229.0863106706706,-0.006281496674460894,0.006281496674460894
1225.5832293693693,-0.011933700108680528,0.011933700108680528
1222.080148068068,-0.02248655402045055,0.02248655402045055
1218.5770667667666,-0.03782187083787764,0.03782187083787764
1215.0739854654657,-0.05414010443443604,0.05414010443443604
1211.5709041641644,-0.06445194940730782,0.06445194940730782
1208.067822862863,-0.07202769545825168,0.07202769545825168
1204.5647415615617,-0.0775958461331969,0.0775958461331969
1201.0616602602604,-0.08068028960087817,0.08068028960087817
1197.558578958959,-0.08467964624443684,0.08467964624443684
1194.0554976576577,-0.08762479793509184,0.08762479793509184
1190.5524163563564,-0.09017545255107326,0.09017545255107326
1187.049335055055,-0.09351755171783509,0.09351755171783509
1183.5462537537537,-0.09469640219556315,0.09469640219556315
1180.0431724524524,-0.09873499356136749,0.09873499356136749
1176.540091151151,-0.10177931967588366,0.10177931967588366
1173.0370098498497,-0.10275535628147774,0.10275535628147774
1169.5339285485488,-0.10372430514685863,0.10372430514685863
1166.0308472472475,-0.09821275643786428,0.09821275643786428
1162.5277659459462,-0.08425405712468564,0.08425405712468564
1159.0246846446448,-0.06051528872617268,0.06051528872617268
1155.5216033433435,-0.025459958329889287,0.025459958329889287
1152.0185220420422,0.023000929063396347,0.023000929063396347
1148.5154407407408,0.09403173033530876,0.09403173033530876
1145.0123594394395,0.17483617562077602,0.17483617562077602
1141.5092781381381,0.2578126082533869,0.2578126082533869
1138.0061968368368,0.33928279050594623,0.33928279050594623
1134.5031155355355,0.40961160736846247,0.40961160736846247
1131.0000342342341,0.46426684740102087,0.46426684740102087
1127.4969529329328,0.5004424328744728,0.5004424328744728
1123.993871631632,0.5160409465803959,0.5160409465803959
1120.4907903303306,0.5042989757836892,0.5042989757836892
1116.9877090290292,0.4725627742008582,0.4725627742008582
1113.484627727728,0.43235805680527895,0.43235805680527895
1109.9815464264266,0.3883342348004526,0.3883342348004526
1106.4784651251252,0.34164815374330537,0.34164815374330537
1102.975383823824,0.31145944452675073,0.31145944452675073
1099.4723025225226,0.2845597109019139,0.2845597109019139
1095.9692212212212,0.2623491760982035,0.2623491760982035
1092.46613991992,0.24807465631054376,0.24807465631054376
1088.9630586186186,0.2314876816452136,0.2314876816452136
1085.4599773173172,0.22820632257154744,0.22820632257154744
1081.956896016016,0.21881845417159063,0.21881845417159063
1078.453814714715,0.2119562486644767,0.2119562486644767
1074.9507334134137,0.19928482313075613,0.19928482313075613
1071.4476521121123,0.19143438539969349,0.19143438539969349
1067.944570810811,0.17922478004954223,0.17922478004954223
1064.4414895095097,0.1645822017834464,0.1645822017834464
1060.9384082082083,0.15154645387990895,0.15154645387990895
1057.435326906907,0.1352408324540425,0.1352408324540425
1053.9322456056057,0.12101436334754256,0.12101436334754256
1050.4291643043043,0.11009108893731367,0.11009108893731367
1046.926083003003,0.1043242191806466,0.1043242191806466
1043.4230017017017,0.1042612262744732,0.1042612262744732
1039.9199204004003,0.1102465051795507,0.1102465051795507
1036.416839099099,0.1190933191810446,0.1190933191810446
1032.913757797798,0.1302404621147507,0.1302404621147507
1029.4106764964968,0.13377087701204504,0.13377087701204504
1025.9075951951954,0.1359261597749556,0.1359261597749556
1022.4045138938941,0.1413166426528738,0.1413166426528738
1018.9014325925928,0.14330207673708706,0.14330207673708706
1015.3983512912914,0.1388086428519929,0.1388086428519929
1011.8952699899901,0.12681893165824953,0.12681893165824953
1008.3921886886887,0.10684183383266521,0.10684183383266521
1004.8891073873874,0.0811094351767222,0.0811094351767222
1001.3860260860861,0.05169825452110943,0.05169825452110943
997.8829447847847,0.018471778190082833,0.018471778190082833
994.3798634834834,-0.01159671893628289,0.01159671893628289
990.8767821821821,-0.03529961359782913,0.03529961359782913
987.3737008808812,-0.05092431173101453,0.05092431173101453
983.8706195795799,-0.05468322699051631,0.05468322699051631
980.3675382782785,-0.05712461574883665,0.05712461574883665
976.8644569769772,-0.053358543544409553,0.053358543544409553
973.3613756756758,-0.05488313621026916,0.05488313621026916
969.8582943743745,-0.05850334567389054,0.05850334567389054
966.3552130730732,-0.05875565098433193,0.05875565098433193
962.8521317717718,-0.06182810263113857,0.06182810263113857
959.3490504704705,-0.06347896099751653,0.06347896099751653
955.8459691691692,-0.06346679017883194,0.06346679017883194
952.3428878678678,-0.06645399611310476,0.06645399611310476
948.8398065665665,-0.06710413706186935,0.06710413706186935
945.3367252652652,-0.06784711703574653,0.06784711703574653
941.8336439639638,-0.06725120107769764,0.06725120107769764
938.3305626626629,-0.059390649060126206,0.059390649060126206
934.8274813613616,-0.054762824572932016,0.054762824572932016
931.3244000600603,-0.053867032936143235,0.053867032936143235
927.8213187587589,-0.05264550701658761,0.05264550701658761
924.3182374574576,-0.045199501432105986,0.045199501432105986
920.8151561561563,-0.03745115933698936,0.03745115933698936
917.3120748548549,-0.03679622056031703,0.03679622056031703
913.8089935535536,-0.03172982743922032,0.03172982743922032
910.3059122522523,-0.027903069479407794,0.027903069479407794
906.8028309509509,-0.021563658530789113,0.021563658530789113
903.2997496496496,-0.022542659546060134,0.022542659546060134
899.7966683483482,-0.030810036429254693,0.030810036429254693
896.2935870470469,-0.03540156038343574,0.03540156038343574
892.790505745746,-0.049577204369235385,0.049577204369235385
889.2874244444447,-0.06030416114511783,0.06030416114511783
885.7843431431434,-0.07481063720873406,0.07481063720873406
882.281261841842,-0.09084469552167307,0.09084469552167307
878.7781805405407,-0.1084821452014362,0.1084821452014362
875.2750992392394,-0.12583145946185495,0.12583145946185495
871.772017937938,-0.14375999743341103,0.14375999743341103
868.2689366366367,-0.16020249489323884,0.16020249489323884
864.7658553353353,-0.17644566061479738,0.17644566061479738
861.262774034034,-0.19523989044624715,0.19523989044624715
857.7596927327327,-0.21960112117567043,0.21960112117567043
854.2566114314313,-0.23009872665142544,0.23009872665142544
850.75353013013,-0.24336625794488959,0.24336625794488959
847.2504488288291,-0.25208296824852283,0.25208296824852283
843.7473675275278,-0.2590200268823549,0.2590200268823549
840.2442862262264,-0.2613222863450769,0.2613222863450769
836.7412049249251,-0.25437867705746087,0.25437867705746087
833.2381236236238,-0.2500434746950458,0.2500434746950458
829.7350423223224,-0.22967952320817717,0.22967952320817717
826.2319610210211,-0.2088748147667758,0.2088748147667758
822.7288797197198,-0.19269864646119594,0.19269864646119594
819.2257984184184,-0.18788972382676902,0.18788972382676902
815.7227171171171,-0.18499625737979325,0.18499625737979325
812.2196358158158,-0.17872756105267584,0.17872756105267584
808.7165545145144,-0.18873163541587934,0.18873163541587934
805.2134732132131,-0.19715727663932467,0.19715727663932467
801.7103919119122,-0.20988204393665255,0.20988204393665255
798.2073106106109,-0.20541945285582922,0.20541945285582922
794.7042293093095,-0.18508928916295853,0.18508928916295853
791.2011480080082,-0.17942286556603088,0.17942286556603088
787.6980667067069,-0.18041904281419602,0.18041904281419602
784.1949854054055,-0.19447922779611204,0.19447922779611204
780.6919041041042,-0.20044877496966754,0.20044877496966754
777.1888228028029,-0.1998845980809768,0.1998845980809768
773.6857415015015,-0.20293802656771456,0.20293802656771456
770.1826602002002,-0.20806913825899448,0.20806913825899448
766.6795788988989,-0.22130762497137363,0.22130762497137363
763.1764975975975,-0.22737691316371983,0.22737691316371983
759.6734162962962,-0.2322839457276729,0.2322839457276729
756.1703349949953,-0.24801467081077194,0.24801467081077194
752.667253693694,-0.2464834686456036,0.2464834686456036
749.1641723923926,-0.2579011522933322,0.2579011522933322
745.6610910910913,-0.24979442435906665,0.24979442435906665
742.15800978979,-0.2369804533007597,0.2369804533007597
738.6549284884886,-0.22739229905948372,0.22739229905948372
735.1518471871873,-0.2630683938775595,0.2630683938775595
731.648765885886,-0.3085207704403097,0.3085207704403097
728.1456845845846,-0.32747095099040335,0.32747095099040335
724.6426032832833,-0.36706363448687307,0.36706363448687307
721.1395219819819,-0.42037498490243275,0.42037498490243275
717.6364406806806,-0.4369191977447052,0.4369191977447052
714.1333593793793,-0.5112522899648222,0.5112522899648222
710.6302780780784,-0.557992286195327,0.557992286195327
707.127196776777,-0.5897101125819504,0.5897101125819504
703.6241154754757,-0.6190874086031859,0.6190874086031859
700.1210341741744,-0.6575967128036003,0.6575967128036003
696.617952872873,-0.6609602460421704,0.6609602460421704
693.1148715715717,-0.6573760823277903,0.6573760823277903
689.6117902702704,-0.6605008013443436,0.6605008013443436
686.108708968969,-0.6691320665438802,0.6691320665438802
682.6056276676677,-0.6939808006619033,0.6939808006619033
679.1025463663664,-0.7090614530419452,0.7090614530419452
675.599465065065,-0.7068621014710357,0.7068621014710357
672.0963837637637,-0.7118991418422542,0.7118991418422542
668.5933024624624,-0.6749506254398769,0.6749506254398769
665.0902211611615,-0.7137100046407416,0.7137100046407416
661.5871398598601,-0.7200533342130301,0.7200533342130301
658.0840585585588,-0.7145350733845036,0.7145350733845036
654.5809772572575,-0.717111390132211,0.717111390132211
651.0778959559561,-0.7181899340585439,0.7181899340585439
647.5748146546548,-0.714120160395513,0.714120160395513
644.0717333533535,-0.7123736178985838,0.7123736178985838
640.5686520520521,-0.7085912617885392,0.7085912617885392
637.0655707507508,-0.7058461914009864,0.7058461914009864
633.5624894494495,-0.648193627838419,0.648193627838419
630.0594081481481,-0.5981190851616545,0.5981190851616545
626.5563268468468,-0.38216836818636774,0.38216836818636774
623.0532455455455,-0.12254680359353613,0.12254680359353613
619.5501642442446,-0.03875881460661379,0.03875881460661379
616.0470829429432,-0.04852686303443064,0.04852686303443064
612.5440016416419,-0.014890340041944299,0.014890340041944299
609.0409203403406,-0.012223028178512356,0.012223028178512356
605.5378390390392,-0.09064507979571329,0.09064507979571329
602.0347577377379,-0.19676009985468168,0.19676009985468168
598.5316764364366,-0.3089245746641536,0.3089245746641536
595.0285951351352,-0.4007058112523262,0.4007058112523262
591.5255138338339,-0.4777555608249438,0.4777555608249438
588.0224325325325,-0.5058213401427893,0.5058213401427893
584.5193512312312,-0.5392488614391607,0.5392488614391607
581.0162699299299,-0.5654478532795543,0.5654478532795543
577.5131886286285,-0.5791262510664428,0.5791262510664428
574.0101073273272,-0.5442132181151167,0.5442132181151167
570.5070260260263,-0.549050827821627,0.549050827821627
567.003944724725,-0.4967453732824447,0.4967453732824447
563.5008634234237,-0.5070245060721108,0.5070245060721108
559.9977821221223,-0.5407785698685154,0.5407785698685154
556.494700820821,-0.541049382375441,0.541049382375441
552.9916195195196,-0.5468976967671224,0.5468976967671224
549.4885382182183,-0.5364126804135582,0.5364126804135582
545.985456916917,-0.5421293242511058,0.5421293242511058
542.4823756156156,-0.5254066931322804,0.5254066931322804
538.9792943143143,-0.5109069101699689,0.5109069101699689
535.476213013013,-0.5148294210995287,0.5148294210995287
531.9731317117116,-0.5274525430183493,0.5274525430183493
528.4700504104103,-0.5020479028379189,0.5020479028379189
524.9669691091094,-0.4260253683008186,0.4260253683008186
521.4638878078081,-0.45225762516174706,0.45225762516174706
517.9608065065067,-0.4194153436049997,0.4194153436049997
514.4577252052054,-0.40463692018261094,0.40463692018261094
510.95464390390407,-0.3876043955121834,0.3876043955121834
507.45156260260273,-0.36580231552668013,0.36580231552668013
503.9484813013014,-0.3921360778343081,0.3921360778343081
500.4454,-0.37594882312990485,0.37594882312990485
