Name		O 1s	O 1s	O 1s	O 1s				Name		C 1s	C 1s	C 1s	C 1s				Name		Al 2p				
Position		532.06	530.94	533.62	535.80				Position		284.77	286.92	288.75	286.16				Position		74.63				
FWHM		1.73	1.73	1.73	1.73				FWHM		1.52	1.52	1.52	1.52				FWHM		1.59				
Area		20742.57	8347.78	1085.05	352.30				Area		11646.97	4987.10	443.23	2603.66				Area		2382.79				
Lineshape		GL(30)	GL(30)	GL(30)	GL(30)				Lineshape		GL(30)	GL(30)	GL(30)	GL(30)				Lineshape		GL(30)				

B.E.	Cycle 14:O 1s/43:CPS	O 1s/43:O 1s	O 1s/43:O 1s	O 1s/43:O 1s	O 1s/43:O 1s	Background	Envelope		B.E.	Cycle 14:C 1s/44:CPS	C 1s/44:C 1s	C 1s/44:C 1s	C 1s/44:C 1s	C 1s/44:C 1s	Background	Envelope		B.E.	Cycle 14:Al 2p/45:CPS	Al 2p/45:Al 2p	Background	Envelope		
5.454000e+002	1.839367e+003	1.839367e+003	1.839367e+003	1.839367e+003	1.839367e+003	1.839367e+003	1.839367e+003		3.024000e+002	1.152612e+003	1.152612e+003	1.152612e+003	1.152612e+003	1.152612e+003	1.152612e+003	1.152612e+003		8.840000e+001	2.177554e+002	2.177554e+002	2.177554e+002	2.177554e+002		
5.453000e+002	1.826546e+003	1.826546e+003	1.826546e+003	1.826546e+003	1.826546e+003	1.826546e+003	1.826546e+003		3.023000e+002	1.123733e+003	1.123733e+003	1.123733e+003	1.123733e+003	1.123733e+003	1.123733e+003	1.123733e+003		8.830000e+001	2.056114e+002	2.056114e+002	2.056114e+002	2.056114e+002		
5.452000e+002	1.805430e+003	1.805430e+003	1.805430e+003	1.805430e+003	1.805430e+003	1.805430e+003	1.805430e+003		3.022000e+002	1.126941e+003	1.126941e+003	1.126941e+003	1.126941e+003	1.126941e+003	1.126941e+003	1.126941e+003		8.820000e+001	1.947236e+002	1.947236e+002	1.947236e+002	1.947236e+002		
5.451000e+002	1.861237e+003	1.861237e+003	1.861237e+003	1.861237e+003	1.861237e+003	1.861237e+003	1.861237e+003		3.021000e+002	1.130150e+003	1.130150e+003	1.130150e+003	1.130150e+003	1.130150e+003	1.130150e+003	1.130150e+003		8.810000e+001	1.896985e+002	1.896985e+002	1.896985e+002	1.896985e+002		
5.450000e+002	1.781297e+003	1.781297e+003	1.781297e+003	1.781297e+003	1.781297e+003	1.781297e+003	1.781297e+003		3.020000e+002	1.105763e+003	1.105763e+003	1.105763e+003	1.105763e+003	1.105763e+003	1.105763e+003	1.105763e+003		8.800000e+001	1.943049e+002	1.943049e+002	1.943049e+002	1.943049e+002		
5.449000e+002	1.787330e+003	1.787330e+003	1.787330e+003	1.787330e+003	1.787330e+003	1.787330e+003	1.787330e+003		3.019000e+002	1.107047e+003	1.107047e+003	1.107047e+003	1.107047e+003	1.107047e+003	1.107047e+003	1.107047e+003		8.790000e+001	1.842546e+002	1.842546e+002	1.842546e+002	1.842546e+002		
5.448000e+002	1.810709e+003	1.810709e+003	1.810709e+003	1.810709e+003	1.810709e+003	1.810709e+003	1.810709e+003		3.018000e+002	1.096778e+003	1.096778e+003	1.096778e+003	1.096778e+003	1.096778e+003	1.096778e+003	1.096778e+003		8.780000e+001	1.783920e+002	1.783920e+002	1.783920e+002	1.783920e+002		
5.447000e+002	1.755656e+003	1.755656e+003	1.755656e+003	1.755656e+003	1.755656e+003	1.755656e+003	1.755656e+003		3.017000e+002	1.098704e+003	1.098704e+003	1.098704e+003	1.098704e+003	1.098704e+003	1.098704e+003	1.098704e+003		8.770000e+001	1.989112e+002	1.989112e+002	1.989112e+002	1.989112e+002		
5.446000e+002	1.693062e+003	1.693062e+003	1.693062e+003	1.693062e+003	1.693062e+003	1.693062e+003	1.693062e+003		3.016000e+002	1.062765e+003	1.062765e+003	1.062765e+003	1.062765e+003	1.062765e+003	1.062765e+003	1.062765e+003		8.760000e+001	1.855109e+002	1.855109e+002	1.855109e+002	1.855109e+002		
5.445000e+002	1.741327e+003	1.741327e+003	1.741327e+003	1.741327e+003	1.741327e+003	1.741327e+003	1.741327e+003		3.015000e+002	1.088435e+003	1.088435e+003	1.088435e+003	1.088435e+003	1.088435e+003	1.088435e+003	1.088435e+003		8.750000e+001	1.943049e+002	1.943049e+002	1.943049e+002	1.943049e+002		
5.444000e+002	1.737557e+003	1.737557e+003	1.737557e+003	1.737557e+003	1.737557e+003	1.737557e+003	1.737557e+003		3.014000e+002	1.120524e+003	1.120524e+003	1.120524e+003	1.120524e+003	1.120524e+003	1.120524e+003	1.120524e+003		8.740000e+001	1.796482e+002	1.796482e+002	1.796482e+002	1.796482e+002		
5.443000e+002	1.730769e+003	1.730769e+003	1.730769e+003	1.730769e+003	1.730769e+003	1.730769e+003	1.730769e+003		3.013000e+002	1.095495e+003	1.095495e+003	1.095495e+003	1.095495e+003	1.095495e+003	1.095495e+003	1.095495e+003		8.730000e+001	2.039363e+002	2.039363e+002	2.039363e+002	2.039363e+002		
5.442000e+002	1.747360e+003	1.747360e+003	1.747360e+003	1.747360e+003	1.747360e+003	1.747360e+003	1.747360e+003		3.012000e+002	1.081376e+003	1.081376e+003	1.081376e+003	1.081376e+003	1.081376e+003	1.081376e+003	1.081376e+003		8.720000e+001	1.880235e+002	1.880235e+002	1.880235e+002	1.880235e+002		
5.441000e+002	1.680241e+003	1.680241e+003	1.680241e+003	1.680241e+003	1.680241e+003	1.680241e+003	1.680241e+003		3.011000e+002	1.051855e+003	1.051855e+003	1.051855e+003	1.051855e+003	1.051855e+003	1.051855e+003	1.051855e+003		8.710000e+001	1.976549e+002	1.976549e+002	1.976549e+002	1.976549e+002		
5.440000e+002	1.702866e+003	1.702866e+003	1.702866e+003	1.702866e+003	1.702866e+003	1.702866e+003	1.702866e+003		3.010000e+002	1.019766e+003	1.019766e+003	1.019766e+003	1.019766e+003	1.019766e+003	1.019766e+003	1.019766e+003		8.700000e+001	1.729481e+002	1.729481e+002	1.729481e+002	1.729481e+002		
5.439000e+002	1.679487e+003	1.679487e+003	1.679487e+003	1.679487e+003	1.679487e+003	1.679487e+003	1.679487e+003		3.009000e+002	1.033243e+003	1.033243e+003	1.033243e+003	1.033243e+003	1.033243e+003	1.033243e+003	1.033243e+003		8.690000e+001	1.796482e+002	1.796482e+002	1.796482e+002	1.796482e+002		
5.438000e+002	1.631222e+003	1.631222e+003	1.631222e+003	1.631222e+003	1.631222e+003	1.631222e+003	1.631222e+003		3.008000e+002	1.025542e+003	1.025542e+003	1.025542e+003	1.025542e+003	1.025542e+003	1.025542e+003	1.025542e+003		8.680000e+001	1.813233e+002	1.813233e+002	1.813233e+002	1.813233e+002		
5.437000e+002	1.668175e+003	1.668175e+003	1.668175e+003	1.668175e+003	1.668175e+003	1.668175e+003	1.668175e+003		3.007000e+002	1.040303e+003	1.040303e+003	1.040303e+003	1.040303e+003	1.040303e+003	1.040303e+003	1.040303e+003		8.670000e+001	1.905360e+002	1.905360e+002	1.905360e+002	1.905360e+002		
5.436000e+002	1.625943e+003	1.625943e+003	1.625943e+003	1.625943e+003	1.625943e+003	1.625943e+003	1.625943e+003		3.006000e+002	1.020408e+003	1.020408e+003	1.020408e+003	1.020408e+003	1.020408e+003	1.020408e+003	1.020408e+003		8.660000e+001	1.783920e+002	1.783920e+002	1.783920e+002	1.783920e+002		
5.435000e+002	1.603318e+003	1.603318e+003	1.603318e+003	1.603318e+003	1.603318e+003	1.603318e+003	1.603318e+003		3.005000e+002	1.047362e+003	1.047362e+003	1.047362e+003	1.047362e+003	1.047362e+003	1.047362e+003	1.047362e+003		8.650000e+001	1.804858e+002	1.804858e+002	1.804858e+002	1.804858e+002		
5.434000e+002	1.658371e+003	1.658371e+003	1.658371e+003	1.658371e+003	1.658371e+003	1.658371e+003	1.658371e+003		3.004000e+002	1.016558e+003	1.016558e+003	1.016558e+003	1.016558e+003	1.016558e+003	1.016558e+003	1.016558e+003		8.640000e+001	1.700168e+002	1.700168e+002	1.700168e+002	1.700168e+002		
5.433000e+002	1.687029e+003	1.687029e+003	1.687029e+003	1.687029e+003	1.687029e+003	1.687029e+003	1.687029e+003		3.003000e+002	9.876781e+002	9.876781e+002	9.876781e+002	9.876781e+002	9.876781e+002	9.876781e+002	9.876781e+002		8.630000e+001	1.871859e+002	1.871859e+002	1.871859e+002	1.871859e+002		
5.432000e+002	1.644042e+003	1.644042e+003	1.644042e+003	1.644042e+003	1.644042e+003	1.644042e+003	1.644042e+003		3.002000e+002	9.870363e+002	9.870363e+002	9.870363e+002	9.870363e+002	9.870363e+002	9.870363e+002	9.870363e+002		8.620000e+001	1.783920e+002	1.783920e+002	1.783920e+002	1.783920e+002		
5.431000e+002	1.594268e+003	1.594268e+003	1.594268e+003	1.594268e+003	1.594268e+003	1.594268e+003	1.594268e+003		3.001000e+002	1.028751e+003	1.028751e+003	1.028751e+003	1.028751e+003	1.028751e+003	1.028751e+003	1.028751e+003		8.610000e+001	1.620603e+002	1.620603e+002	1.620603e+002	1.620603e+002		
5.430000e+002	1.619155e+003	1.619155e+003	1.619155e+003	1.619155e+003	1.619155e+003	1.619155e+003	1.619155e+003		3.000000e+002	1.037094e+003	1.037094e+003	1.037094e+003	1.037094e+003	1.037094e+003	1.037094e+003	1.037094e+003		8.600000e+001	1.733668e+002	1.733668e+002	1.733668e+002	1.733668e+002		
5.429000e+002	1.596531e+003	1.596531e+003	1.596531e+003	1.596531e+003	1.596531e+003	1.596531e+003	1.596531e+003		2.999000e+002	9.985881e+002	9.985881e+002	9.985881e+002	9.985881e+002	9.985881e+002	9.985881e+002	9.985881e+002		8.590000e+001	1.775544e+002	1.775544e+002	1.775544e+002	1.775544e+002		
5.428000e+002	1.581448e+003	1.581448e+003	1.581448e+003	1.581448e+003	1.581448e+003	1.581448e+003	1.581448e+003		2.998000e+002	9.536645e+002	9.536645e+002	9.536645e+002	9.536645e+002	9.536645e+002	9.536645e+002	9.536645e+002		8.580000e+001	1.700168e+002	1.700168e+002	1.700168e+002	1.700168e+002		
5.427000e+002	1.564103e+003	1.564103e+003	1.564103e+003	1.564103e+003	1.564103e+003	1.564103e+003	1.564103e+003		2.997000e+002	9.883199e+002	9.883199e+002	9.883199e+002	9.883199e+002	9.883199e+002	9.883199e+002	9.883199e+002		8.570000e+001	1.896985e+002	1.896985e+002	1.896985e+002	1.896985e+002		
5.426000e+002	1.566365e+003	1.566365e+003	1.566365e+003	1.566365e+003	1.566365e+003	1.566365e+003	1.566365e+003		2.996000e+002	9.928122e+002	9.928122e+002	9.928122e+002	9.928122e+002	9.928122e+002	9.928122e+002	9.928122e+002		8.560000e+001	1.762982e+002	1.762982e+002	1.762982e+002	1.762982e+002		
5.425000e+002	1.592760e+003	1.592760e+003	1.592760e+003	1.592760e+003	1.592760e+003	1.592760e+003	1.592760e+003		2.995000e+002	9.684251e+002	9.684251e+002	9.684251e+002	9.684251e+002	9.684251e+002	9.684251e+002	9.684251e+002		8.550000e+001	1.670854e+002	1.670854e+002	1.670854e+002	1.670854e+002		
5.424000e+002	1.577677e+003	1.577677e+003	1.577677e+003	1.577677e+003	1.577677e+003	1.577677e+003	1.577677e+003		2.994000e+002	1.002439e+003	1.002439e+003	1.002439e+003	1.002439e+003	1.002439e+003	1.002439e+003	1.002439e+003		8.540000e+001	1.733668e+002	1.733668e+002	1.733668e+002	1.733668e+002		
5.423000e+002	1.543741e+003	1.543741e+003	1.543741e+003	1.543741e+003	1.543741e+003	1.543741e+003	1.543741e+003		2.993000e+002	9.921705e+002	9.921705e+002	9.921705e+002	9.921705e+002	9.921705e+002	9.921705e+002	9.921705e+002		8.530000e+001	1.846734e+002	1.846734e+002	1.846734e+002	1.846734e+002		
5.422000e+002	1.538462e+003	1.538462e+003	1.538462e+003	1.538462e+003	1.538462e+003	1.538462e+003	1.538462e+003		2.992000e+002	9.851110e+002	9.851110e+002	9.851110e+002	9.851110e+002	9.851110e+002	9.851110e+002	9.851110e+002		8.520000e+001	1.850921e+002	1.850921e+002	1.850921e+002	1.850921e+002		
5.421000e+002	1.512066e+003	1.512066e+003	1.512066e+003	1.512066e+003	1.512066e+003	1.512066e+003	1.512066e+003		2.991000e+002	9.286356e+002	9.286356e+002	9.286356e+002	9.286356e+002	9.286356e+002	9.286356e+002	9.286356e+002		8.510000e+001	1.687605e+002	1.687605e+002	1.687605e+002	1.687605e+002		
5.420000e+002	1.527149e+003	1.527149e+003	1.527149e+003	1.527149e+003	1.527149e+003	1.527149e+003	1.527149e+003		2.990000e+002	9.132332e+002	9.132332e+002	9.132332e+002	9.132332e+002	9.132332e+002	9.132332e+002	9.132332e+002		8.500000e+001	1.582915e+002	1.582915e+002	1.582915e+002	1.582915e+002		
5.419000e+002	1.472097e+003	1.472097e+003	1.472097e+003	1.472097e+003	1.472097e+003	1.472097e+003	1.472097e+003		2.989000e+002	9.093826e+002	9.093826e+002	9.093826e+002	9.093826e+002	9.093826e+002	9.093826e+002	9.093826e+002		8.490000e+001	1.796482e+002	1.796482e+002	1.796482e+002	1.796482e+002		
5.418000e+002	1.506787e+003	1.506787e+003	1.506787e+003	1.506787e+003	1.506787e+003	1.506787e+003	1.506787e+003		2.988000e+002	9.292774e+002	9.292774e+002	9.292774e+002	9.292774e+002	9.292774e+002	9.292774e+002	9.292774e+002		8.480000e+001	1.775544e+002	1.775544e+002	1.775544e+002	1.775544e+002		
5.417000e+002	1.558824e+003	1.558824e+003	1.558824e+003	1.558824e+003	1.558824e+003	1.558824e+003	1.558824e+003		2.987000e+002	8.830702e+002	8.830702e+002	8.830702e+002	8.830702e+002	8.830702e+002	8.830702e+002	8.830702e+002		8.470000e+001	1.796482e+002	1.796482e+002	1.796482e+002	1.796482e+002		
5.416000e+002	1.500000e+003	1.500000e+003	1.500000e+003	1.500000e+003	1.500000e+003	1.500000e+003	1.500000e+003		2.986000e+002	9.485304e+002	9.485304e+002	9.485304e+002	9.485304e+002	9.485304e+002	9.485304e+002	9.485304e+002		8.460000e+001	1.721106e+002	1.721106e+002	1.721106e+002	1.721106e+002		
5.415000e+002	1.467572e+003	1.467572e+003	1.467572e+003	1.467572e+003	1.467572e+003	1.467572e+003	1.467572e+003		2.985000e+002	8.965473e+002	8.965473e+002	8.965473e+002	8.965473e+002	8.965473e+002	8.965473e+002	8.965473e+002		8.450000e+001	1.570352e+002	1.570352e+002	1.570352e+002	1.570352e+002		
5.414000e+002	1.534691e+003	1.534691e+003	1.534691e+003	1.534691e+003	1.534691e+003	1.534691e+003	1.534691e+003		2.984000e+002	8.869208e+002	8.869208e+002	8.869208e+002	8.869208e+002	8.869208e+002	8.869208e+002	8.869208e+002		8.440000e+001	1.729481e+002	1.729481e+002	1.729481e+002	1.729481e+002		
5.413000e+002	1.438914e+003	1.438914e+003	1.438914e+003	1.438914e+003	1.438914e+003	1.438914e+003	1.438914e+003		2.983000e+002	9.055320e+002	9.055320e+002	9.055320e+002	9.055320e+002	9.055320e+002	9.055320e+002	9.055320e+002		8.430000e+001	1.901173e+002	1.901173e+002	1.901173e+002	1.901173e+002		
5.412000e+002	1.503017e+003	1.503017e+003	1.503017e+003	1.503017e+003	1.503017e+003	1.503017e+003	1.503017e+003		2.982000e+002	8.541907e+002	8.541907e+002	8.541907e+002	8.541907e+002	8.541907e+002	8.541907e+002	8.541907e+002		8.420000e+001	1.599665e+002	1.599665e+002	1.599665e+002	1.599665e+002		
5.411000e+002	1.461538e+003	1.461538e+003	1.461538e+003	1.461538e+003	1.461538e+003	1.461538e+003	1.461538e+003		2.981000e+002	8.959055e+002	8.959055e+002	8.959055e+002	8.959055e+002	8.959055e+002	8.959055e+002	8.959055e+002		8.410000e+001	1.624791e+002	1.624791e+002	1.624791e+002	1.624791e+002		
5.410000e+002	1.484917e+003	1.484917e+003	1.484917e+003	1.484917e+003	1.484917e+003	1.484917e+003	1.484917e+003		2.980000e+002	8.695931e+002	8.695931e+002	8.695931e+002	8.695931e+002	8.695931e+002	8.695931e+002	8.695931e+002		8.400000e+001	1.658291e+002	1.658291e+002	1.658291e+002	1.658291e+002		
5.409000e+002	1.482655e+003	1.482655e+003	1.482655e+003	1.482655e+003	1.482655e+003	1.482655e+003	1.482655e+003		2.979000e+002	8.817867e+002	8.817867e+002	8.817867e+002	8.817867e+002	8.817867e+002	8.817867e+002	8.817867e+002		8.390000e+001	1.708543e+002	1.708543e+002	1.708543e+002	1.708543e+002		
5.408000e+002	1.447964e+003	1.447964e+003	1.447964e+003	1.447964e+003	1.447964e+003	1.447964e+003	1.447964e+003		2.978000e+002	8.760108e+002	8.760108e+002	8.760108e+002	8.760108e+002	8.760108e+002	8.760108e+002	8.760108e+002		8.380000e+001	1.511725e+002	1.511725e+002	1.511725e+002	1.511725e+002		
5.407000e+002	1.483409e+003	1.483409e+003	1.483409e+003	1.483409e+003	1.483409e+003	1.483409e+003	1.483409e+003		2.977000e+002	8.413554e+002	8.413554e+002	8.413554e+002	8.413554e+002	8.413554e+002	8.413554e+002	8.413554e+002		8.370000e+001	1.645729e+002	1.645729e+002	1.645729e+002	1.645729e+002		
5.406000e+002	1.462293e+003	1.462293e+003	1.462293e+003	1.462293e+003	1.462293e+003	1.462293e+003	1.462293e+003		2.976000e+002	8.753690e+002	8.753690e+002	8.753690e+002	8.753690e+002	8.753690e+002	8.753690e+002	8.753690e+002		8.360000e+001	1.775544e+002	1.775544e+002	1.775544e+002	1.775544e+002		
5.405000e+002	1.453243e+003	1.453243e+003	1.453243e+003	1.453243e+003	1.453243e+003	1.453243e+003	1.453243e+003		2.975000e+002	8.490566e+002	8.490566e+002	8.490566e+002	8.490566e+002	8.490566e+002	8.490566e+002	8.490566e+002		8.350000e+001	1.675042e+002	1.675042e+002	1.675042e+002	1.675042e+002		
5.404000e+002	1.461538e+003	1.461538e+003	1.461538e+003	1.461538e+003	1.461539e+003	1.461538e+003	1.461539e+003		2.974000e+002	8.914132e+002	8.914132e+002	8.914132e+002	8.914132e+002	8.914132e+002	8.914132e+002	8.914132e+002		8.340000e+001	1.486600e+002	1.486600e+002	1.486600e+002	1.486600e+002		
5.403000e+002	1.443439e+003	1.443439e+003	1.443439e+003	1.443439e+003	1.443439e+003	1.443439e+003	1.443439e+003		2.973000e+002	8.477731e+002	8.477731e+002	8.477731e+002	8.477731e+002	8.477731e+002	8.477731e+002	8.477731e+002		8.330000e+001	1.616415e+002	1.616415e+002	1.616415e+002	1.616415e+002		
5.402000e+002	1.439668e+003	1.439668e+003	1.439668e+003	1.439668e+003	1.439668e+003	1.439668e+003	1.439668e+003		2.972000e+002	8.105506e+002	8.105506e+002	8.105506e+002	8.105506e+002	8.105506e+002	8.105506e+002	8.105506e+002		8.320000e+001	1.616415e+002	1.616415e+002	1.616415e+002	1.616415e+002		
5.401000e+002	1.414781e+003	1.414781e+003	1.414781e+003	1.414781e+003	1.414782e+003	1.414781e+003	1.414782e+003		2.971000e+002	8.214607e+002	8.214607e+002	8.214607e+002	8.214607e+002	8.214607e+002	8.214607e+002	8.214607e+002		8.310000e+001	1.620603e+002	1.620603e+002	1.620603e+002	1.620603e+002		
5.400000e+002	1.438160e+003	1.438160e+003	1.438160e+003	1.438160e+003	1.438161e+003	1.438160e+003	1.438161e+003		2.970000e+002	8.593249e+002	8.593249e+002	8.593249e+002	8.593249e+002	8.593249e+002	8.593249e+002	8.593249e+002		8.300000e+001	1.700168e+002	1.700168e+002	1.700168e+002	1.700168e+002		
5.399000e+002	1.365008e+003	1.365008e+003	1.365008e+003	1.365008e+003	1.365009e+003	1.365008e+003	1.365009e+003		2.969000e+002	8.304454e+002	8.304454e+002	8.304454e+002	8.304454e+002	8.304454e+002	8.304454e+002	8.304454e+002		8.290000e+001	1.453099e+002	1.453099e+002	1.453099e+002	1.453099e+002		
5.398000e+002	1.381599e+003	1.381599e+003	1.381599e+003	1.381599e+003	1.381601e+003	1.381599e+003	1.381601e+003		2.968000e+002	8.092671e+002	8.092671e+002	8.092671e+002	8.092671e+002	8.092671e+002	8.092671e+002	8.092671e+002		8.280000e+001	1.587102e+002	1.587102e+002	1.587102e+002	1.587102e+002		
5.397000e+002	1.319759e+003	1.319759e+003	1.319759e+003	1.319759e+003	1.319762e+003	1.319759e+003	1.319762e+003		2.967000e+002	7.880888e+002	7.880888e+002	7.880888e+002	7.880888e+002	7.880888e+002	7.880888e+002	7.880888e+002		8.270000e+001	1.549414e+002	1.549414e+002	1.549414e+002	1.549414e+002		
5.396000e+002	1.387632e+003	1.387632e+003	1.387632e+003	1.387632e+003	1.387637e+003	1.387632e+003	1.387637e+003		2.966000e+002	8.118342e+002	8.118342e+002	8.118342e+002	8.118342e+002	8.118342e+002	8.118342e+002	8.118342e+002		8.260000e+001	1.453099e+002	1.453099e+002	1.453099e+002	1.453099e+002		
5.395000e+002	1.374057e+003	1.374057e+003	1.374057e+003	1.374057e+003	1.374066e+003	1.374057e+003	1.374066e+003		2.965000e+002	8.561160e+002	8.561160e+002	8.561160e+002	8.561160e+002	8.561160e+002	8.561160e+002	8.561160e+002		8.250000e+001	1.570352e+002	1.570352e+002	1.570352e+002	1.570352e+002		
5.394000e+002	1.350679e+003	1.350679e+003	1.350679e+003	1.350679e+003	1.350693e+003	1.350679e+003	1.350693e+003		2.964000e+002	8.169683e+002	8.169683e+002	8.169683e+002	8.169683e+002	8.169683e+002	8.169683e+002	8.169683e+002		8.240000e+001	1.423786e+002	1.423786e+002	1.423786e+002	1.423786e+002		
5.393000e+002	1.309955e+003	1.309955e+003	1.309955e+003	1.309955e+003	1.309977e+003	1.309955e+003	1.309977e+003		2.963000e+002	7.707611e+002	7.707611e+002	7.707611e+002	7.707611e+002	7.707611e+002	7.707611e+002	7.707611e+002		8.230000e+001	1.566164e+002	1.566164e+002	1.566164e+002	1.566164e+002		
5.392000e+002	1.318250e+003	1.318250e+003	1.318250e+003	1.318250e+003	1.318286e+003	1.318250e+003	1.318286e+003		2.962000e+002	7.848800e+002	7.848800e+002	7.848800e+002	7.848800e+002	7.848800e+002	7.848800e+002	7.848800e+002		8.220000e+001	1.553601e+002	1.553601e+002	1.553601e+002	1.553601e+002		
5.391000e+002	1.292609e+003	1.292609e+003	1.292609e+003	1.292609e+003	1.292665e+003	1.292609e+003	1.292665e+003		2.961000e+002	7.925812e+002	7.925812e+002	7.925812e+002	7.925812e+002	7.925812e+002	7.925812e+002	7.925812e+002		8.210000e+001	1.482412e+002	1.482412e+002	1.482412e+002	1.482412e+002		
5.390000e+002	1.301659e+003	1.301659e+003	1.301659e+003	1.301659e+003	1.301744e+003	1.301659e+003	1.301744e+003		2.960000e+002	7.977153e+002	7.977153e+002	7.977153e+002	7.977153e+002	7.977153e+002	7.977153e+002	7.977153e+002		8.200000e+001	1.654104e+002	1.654104e+002	1.654104e+002	1.654104e+002		
5.389000e+002	1.287330e+003	1.287330e+003	1.287330e+003	1.287330e+003	1.287461e+003	1.287330e+003	1.287461e+003		2.959000e+002	8.150430e+002	8.150430e+002	8.150430e+002	8.150430e+002	8.150430e+002	8.150430e+002	8.150430e+002		8.190000e+001	1.398660e+002	1.398660e+002	1.398660e+002	1.398660e+002		
5.388000e+002	1.224736e+003	1.224736e+003	1.224736e+003	1.224736e+003	1.224935e+003	1.224736e+003	1.224935e+003		2.958000e+002	7.662688e+002	7.662688e+002	7.662688e+002	7.662688e+002	7.662688e+002	7.662688e+002	7.662688e+002		8.180000e+001	1.427973e+002	1.427973e+002	1.427973e+002	1.427973e+002		
5.387000e+002	1.288084e+003	1.288084e+003	1.288084e+003	1.288084e+003	1.288382e+003	1.288084e+003	1.288382e+003		2.957000e+002	7.328969e+002	7.328969e+002	7.328969e+002	7.328969e+002	7.328969e+002	7.328969e+002	7.328969e+002		8.170000e+001	1.390285e+002	1.390285e+002	1.390285e+002	1.390285e+002		
5.386000e+002	1.246606e+003	1.246606e+003	1.246606e+003	1.246606e+003	1.247047e+003	1.246606e+003	1.247047e+003		2.956000e+002	7.707611e+002	7.707611e+002	7.707611e+002	7.707611e+002	7.707611e+002	7.707611e+002	7.707611e+002		8.160000e+001	1.394472e+002	1.394472e+002	1.394472e+002	1.394472e+002		
5.385000e+002	1.254148e+003	1.254148e+003	1.254148e+003	1.254148e+003	1.254793e+003	1.254148e+003	1.254793e+003		2.955000e+002	7.630599e+002	7.630599e+002	7.630599e+002	7.630599e+002	7.630599e+002	7.630599e+002	7.630599e+002		8.150000e+001	1.499162e+002	1.499162e+002	1.499162e+002	1.499162e+002		
5.384000e+002	1.203620e+003	1.203620e+003	1.203620e+003	1.203620e+003	1.204558e+003	1.203620e+003	1.204558e+003		2.954000e+002	7.515082e+002	7.515082e+002	7.515082e+002	7.515082e+002	7.515082e+002	7.515082e+002	7.515082e+002		8.140000e+001	1.461474e+002	1.461474e+002	1.461474e+002	1.461474e+002		
5.383000e+002	1.251131e+003	1.251131e+003	1.251131e+003	1.251131e+003	1.252478e+003	1.251131e+003	1.252478e+003		2.953000e+002	7.758953e+002	7.758953e+002	7.758953e+002	7.758953e+002	7.758953e+002	7.758953e+002	7.758953e+002		8.130000e+001	1.386097e+002	1.386097e+002	1.386097e+002	1.386097e+002		
5.382000e+002	1.179487e+003	1.179487e+003	1.179487e+003	1.179487e+003	1.181396e+003	1.179487e+003	1.181397e+003		2.952000e+002	7.412399e+002	7.412399e+002	7.412399e+002	7.412399e+002	7.412399e+002	7.412399e+002	7.412399e+002		8.120000e+001	1.432161e+002	1.432161e+002	1.432161e+002	1.432161e+002		
5.381000e+002	1.230015e+003	1.230015e+003	1.230015e+003	1.230016e+003	1.232690e+003	1.230015e+003	1.232690e+003		2.951000e+002	7.816712e+002	7.816712e+002	7.816712e+002	7.816712e+002	7.816712e+002	7.816712e+002	7.816712e+002		8.110000e+001	1.377722e+002	1.377722e+002	1.377722e+002	1.377722e+002		
5.380000e+002	1.211916e+003	1.211916e+003	1.211916e+003	1.211916e+003	1.215627e+003	1.211916e+003	1.215628e+003		2.950000e+002	7.598511e+002	7.598511e+002	7.598511e+002	7.598511e+002	7.598511e+002	7.598511e+002	7.598511e+002		8.100000e+001	1.377722e+002	1.377722e+002	1.377722e+002	1.377722e+002		
5.379000e+002	1.202112e+003	1.202112e+003	1.202112e+003	1.202113e+003	1.207208e+003	1.202112e+003	1.207209e+003		2.949000e+002	7.296881e+002	7.296881e+002	7.296881e+002	7.296881e+002	7.296881e+002	7.296881e+002	7.296881e+002		8.090000e+001	1.394472e+002	1.394472e+002	1.394472e+002	1.394472e+002		
5.378000e+002	1.215686e+003	1.215686e+003	1.215686e+003	1.215689e+003	1.222599e+003	1.215686e+003	1.222602e+003		2.948000e+002	7.746117e+002	7.746117e+002	7.746117e+002	7.746117e+002	7.746117e+002	7.746117e+002	7.746117e+002		8.080000e+001	1.541039e+002	1.541039e+002	1.541039e+002	1.541039e+002		
5.377000e+002	1.218703e+003	1.218703e+003	1.218703e+003	1.218707e+003	1.227967e+003	1.218703e+003	1.227971e+003		2.947000e+002	7.264793e+002	7.264793e+002	7.264793e+002	7.264793e+002	7.264793e+002	7.264793e+002	7.264793e+002		8.070000e+001	1.511725e+002	1.511725e+002	1.511725e+002	1.511725e+002		
5.376000e+002	1.209653e+003	1.209653e+003	1.209653e+003	1.209660e+003	1.221921e+003	1.209653e+003	1.221927e+003		2.946000e+002	7.592093e+002	7.592093e+002	7.592093e+002	7.592093e+002	7.592093e+002	7.592093e+002	7.592093e+002		8.060000e+001	1.654104e+002	1.654104e+002	1.654104e+002	1.654104e+002		
5.375000e+002	1.188537e+003	1.188537e+003	1.188537e+003	1.188548e+003	1.204628e+003	1.188537e+003	1.204639e+003		2.945000e+002	7.290463e+002	7.290463e+002	7.290463e+002	7.290463e+002	7.290463e+002	7.290463e+002	7.290463e+002		8.050000e+001	1.633166e+002	1.633166e+002	1.633166e+002	1.633166e+002		
5.374000e+002	1.153092e+003	1.153092e+003	1.153092e+003	1.153110e+003	1.173934e+003	1.153092e+003	1.173952e+003		2.944000e+002	7.540752e+002	7.540752e+002	7.540752e+002	7.540752e+002	7.540752e+002	7.540752e+002	7.540752e+002		8.040000e+001	1.436348e+002	1.436348e+002	1.436348e+002	1.436348e+002		
5.373000e+002	1.147059e+003	1.147059e+003	1.147059e+003	1.147089e+003	1.173716e+003	1.147059e+003	1.173745e+003		2.943000e+002	7.681941e+002	7.681941e+002	7.681941e+002	7.681941e+002	7.681941e+002	7.681941e+002	7.681941e+002		8.030000e+001	1.457286e+002	1.457286e+002	1.457286e+002	1.457286e+002		
5.372000e+002	1.220965e+003	1.145099e+003	1.145099e+003	1.145147e+003	1.178763e+003	1.145099e+003	1.178811e+003		2.942000e+002	7.868053e+002	7.868053e+002	7.868053e+002	7.868053e+002	7.868053e+002	7.868053e+002	7.868053e+002		8.020000e+001	1.415410e+002	1.415410e+002	1.415410e+002	1.415410e+002		
5.371000e+002	1.216440e+003	1.143134e+003	1.143133e+003	1.143210e+003	1.185137e+003	1.143133e+003	1.185214e+003		2.941000e+002	7.919394e+002	7.919394e+002	7.919394e+002	7.919394e+002	7.919394e+002	7.919394e+002	7.919394e+002		8.010000e+001	1.285595e+002	1.285595e+002	1.285595e+002	1.285595e+002		
5.370000e+002	1.202112e+003	1.141162e+003	1.141161e+003	1.141282e+003	1.192907e+003	1.141161e+003	1.193028e+003		2.940000e+002	7.739700e+002	7.739700e+002	7.739700e+002	7.739700e+002	7.739700e+002	7.739700e+002	7.739700e+002		8.000000e+001	1.411223e+002	1.411223e+002	1.411223e+002	1.411223e+002		
5.369000e+002	1.192308e+003	1.139184e+003	1.139183e+003	1.139372e+003	1.202057e+003	1.139183e+003	1.202247e+003		2.939000e+002	7.515082e+002	7.515082e+002	7.515082e+002	7.515082e+002	7.515082e+002	7.515082e+002	7.515082e+002		7.990000e+001	1.365159e+002	1.365159e+002	1.365159e+002	1.365159e+002		
5.368000e+002	1.208899e+003	1.137200e+003	1.137198e+003	1.137492e+003	1.212523e+003	1.137198e+003	1.212818e+003		2.938000e+002	7.560005e+002	7.560005e+002	7.560005e+002	7.560005e+002	7.560005e+002	7.560005e+002	7.560005e+002		7.980000e+001	1.469849e+002	1.469849e+002	1.469849e+002	1.469849e+002		
5.367000e+002	1.198341e+003	1.135211e+003	1.135207e+003	1.135656e+003	1.224152e+003	1.135207e+003	1.224604e+003		2.937000e+002	7.450905e+002	7.450905e+002	7.450905e+002	7.450905e+002	7.450905e+002	7.450905e+002	7.450905e+002		7.970000e+001	1.415410e+002	1.415410e+002	1.415410e+002	1.415410e+002		
5.366000e+002	1.247360e+003	1.133216e+003	1.133211e+003	1.133887e+003	1.236706e+003	1.133211e+003	1.237388e+003		2.936000e+002	7.534334e+002	7.534334e+002	7.534334e+002	7.534334e+002	7.534334e+002	7.534334e+002	7.534334e+002		7.960000e+001	1.331658e+002	1.331658e+002	1.331658e+002	1.331658e+002		
5.365000e+002	1.287330e+003	1.131219e+003	1.131209e+003	1.132220e+003	1.249743e+003	1.131209e+003	1.250764e+003		2.935000e+002	7.463740e+002	7.463740e+002	7.463740e+002	7.463740e+002	7.463740e+002	7.463740e+002	7.463740e+002		7.950000e+001	1.427973e+002	1.427973e+002	1.427973e+002	1.427973e+002		
5.364000e+002	1.248115e+003	1.129219e+003	1.129202e+003	1.130699e+003	1.262762e+003	1.129202e+003	1.264276e+003		2.934000e+002	7.085098e+002	7.085098e+002	7.085098e+002	7.085098e+002	7.085098e+002	7.085098e+002	7.085098e+002		7.940000e+001	1.436348e+002	1.436349e+002	1.436348e+002	1.436349e+002		
5.363000e+002	1.274510e+003	1.127219e+003	1.127189e+003	1.129380e+003	1.275164e+003	1.127189e+003	1.277384e+003		2.933000e+002	7.290463e+002	7.290463e+002	7.290463e+002	7.290463e+002	7.290463e+002	7.290463e+002	7.290463e+002		7.930000e+001	1.373534e+002	1.373535e+002	1.373534e+002	1.373535e+002		
5.362000e+002	1.275264e+003	1.125224e+003	1.125172e+003	1.128337e+003	1.286246e+003	1.125172e+003	1.289462e+003		2.932000e+002	6.898986e+002	6.898986e+002	6.898986e+002	6.898986e+002	6.898986e+002	6.898986e+002	6.898986e+002		7.920000e+001	1.373534e+002	1.373535e+002	1.373534e+002	1.373535e+002		
5.361000e+002	1.293363e+003	1.123238e+003	1.123150e+003	1.127669e+003	1.295295e+003	1.123150e+003	1.299901e+003		2.931000e+002	6.513926e+002	6.513926e+002	6.513926e+002	6.513926e+002	6.513926e+002	6.513926e+002	6.513926e+002		7.910000e+001	1.356784e+002	1.356785e+002	1.356784e+002	1.356785e+002		
5.360000e+002	1.293363e+003	1.121272e+003	1.121124e+003	1.127528e+003	1.301721e+003	1.121124e+003	1.308274e+003		2.930000e+002	6.565268e+002	6.565268e+002	6.565268e+002	6.565268e+002	6.565268e+002	6.565268e+002	6.565268e+002		7.900000e+001	1.461474e+002	1.461476e+002	1.461474e+002	1.461476e+002		
5.359000e+002	1.325038e+003	1.119340e+003	1.119094e+003	1.128057e+003	1.305021e+003	1.119093e+003	1.314232e+003		2.929000e+002	6.379155e+002	6.379155e+002	6.379155e+002	6.379156e+002	6.379155e+002	6.379155e+002	6.379156e+002		7.890000e+001	1.222781e+002	1.222784e+002	1.222781e+002	1.222784e+002		
5.358000e+002	1.306184e+003	1.117464e+003	1.117059e+003	1.129454e+003	1.304858e+003	1.117059e+003	1.317660e+003		2.928000e+002	6.424079e+002	6.424079e+002	6.424079e+002	6.424080e+002	6.424079e+002	6.424079e+002	6.424080e+002		7.880000e+001	1.360972e+002	1.360979e+002	1.360972e+002	1.360979e+002		
5.357000e+002	1.345400e+003	1.115679e+003	1.115021e+003	1.131957e+003	1.300950e+003	1.115020e+003	1.318547e+003		2.927000e+002	6.064690e+002	6.064690e+002	6.064690e+002	6.064692e+002	6.064690e+002	6.064690e+002	6.064692e+002		7.870000e+001	1.348409e+002	1.348422e+002	1.348409e+002	1.348422e+002		
5.356000e+002	1.324284e+003	1.114042e+003	1.112979e+003	1.135889e+003	1.293581e+003	1.112978e+003	1.317558e+003		2.926000e+002	6.116031e+002	6.116031e+002	6.116031e+002	6.116034e+002	6.116031e+002	6.116031e+002	6.116034e+002		7.860000e+001	1.411223e+002	1.411248e+002	1.411223e+002	1.411248e+002		
5.355000e+002	1.330317e+003	1.112629e+003	1.110934e+003	1.141594e+003	1.283084e+003	1.110932e+003	1.315445e+003		2.925000e+002	6.520344e+002	6.520344e+002	6.520344e+002	6.520350e+002	6.520344e+002	6.520344e+002	6.520350e+002		7.850000e+001	1.327471e+002	1.327517e+002	1.327471e+002	1.327517e+002		
5.354000e+002	1.311463e+003	1.111552e+003	1.108886e+003	1.149413e+003	1.269966e+003	1.108883e+003	1.313169e+003		2.924000e+002	6.270055e+002	6.270055e+002	6.270055e+002	6.270066e+002	6.270055e+002	6.270055e+002	6.270066e+002		7.840000e+001	1.381910e+002	1.381992e+002	1.381910e+002	1.381992e+002		
5.353000e+002	1.287330e+003	1.110976e+003	1.106836e+003	1.159752e+003	1.254815e+003	1.106830e+003	1.311890e+003		2.923000e+002	6.366320e+002	6.366320e+002	6.366320e+002	6.366341e+002	6.366320e+002	6.366320e+002	6.366341e+002		7.830000e+001	1.507538e+002	1.380183e+002	1.380037e+002	1.380183e+002		
5.352000e+002	1.322775e+003	1.111167e+003	1.104785e+003	1.173034e+003	1.238346e+003	1.104774e+003	1.313011e+003		2.922000e+002	6.193043e+002	6.193043e+002	6.193043e+002	6.193081e+002	6.193043e+002	6.193043e+002	6.193081e+002		7.820000e+001	1.453099e+002	1.378415e+002	1.378160e+002	1.378415e+002		
5.351000e+002	1.300151e+003	1.112470e+003	1.102734e+003	1.189844e+003	1.221261e+003	1.102715e+003	1.318165e+003		2.921000e+002	6.135284e+002	6.135284e+002	6.135284e+002	6.135350e+002	6.135284e+002	6.135284e+002	6.135350e+002		7.810000e+001	1.457286e+002	1.376719e+002	1.376280e+002	1.376719e+002		
5.350000e+002	1.269985e+003	1.115348e+003	1.100686e+003	1.210427e+003	1.204160e+003	1.100653e+003	1.328663e+003		2.920000e+002	6.250802e+002	6.250802e+002	6.250802e+002	6.250919e+002	6.250802e+002	6.250802e+002	6.250919e+002		7.800000e+001	1.453099e+002	1.375146e+002	1.374396e+002	1.375146e+002		
5.349000e+002	1.351433e+003	1.120451e+003	1.098643e+003	1.235087e+003	1.187544e+003	1.098587e+003	1.345963e+003		2.919000e+002	6.327814e+002	6.327814e+002	6.327814e+002	6.328016e+002	6.327814e+002	6.327814e+002	6.328016e+002		7.790000e+001	1.432161e+002	1.373763e+002	1.372509e+002	1.373763e+002		
5.348000e+002	1.390649e+003	1.128686e+003	1.096613e+003	1.264000e+003	1.171855e+003	1.096519e+003	1.371595e+003		2.918000e+002	6.109614e+002	6.109614e+002	6.109614e+002	6.109960e+002	6.109614e+002	6.109614e+002	6.109960e+002		7.780000e+001	1.423786e+002	1.372709e+002	1.370618e+002	1.372709e+002		
5.347000e+002	1.454751e+003	1.141428e+003	1.094604e+003	1.297257e+003	1.157333e+003	1.094450e+003	1.407273e+003		2.917000e+002	6.000513e+002	6.000513e+002	6.000513e+002	6.001096e+002	6.000513e+002	6.000513e+002	6.001096e+002		7.770000e+001	1.340034e+002	1.343449e+002	1.340034e+002	1.343449e+002		
5.346000e+002	1.457014e+003	1.160131e+003	1.092629e+003	1.334576e+003	1.144133e+003	1.092379e+003	1.454333e+003		2.916000e+002	6.006931e+002	6.006931e+002	6.006931e+002	6.007900e+002	6.006931e+002	6.006931e+002	6.007900e+002		7.760000e+001	1.436348e+002	1.344577e+002	1.339052e+002	1.344577e+002		
5.345000e+002	1.489442e+003	1.186829e+003	1.090709e+003	1.375289e+003	1.132317e+003	1.090306e+003	1.514224e+003		2.915000e+002	5.852907e+002	5.852907e+002	5.852907e+002	5.854492e+002	5.852907e+002	5.852907e+002	5.854492e+002		7.750000e+001	1.515913e+002	1.346885e+002	1.338069e+002	1.346885e+002		
5.344000e+002	1.612368e+003	1.224099e+003	1.088877e+003	1.418482e+003	1.121903e+003	1.088233e+003	1.588662e+003		2.914000e+002	5.814401e+002	5.814401e+002	5.814402e+002	5.816957e+002	5.814401e+002	5.814401e+002	5.816958e+002		7.740000e+001	1.453099e+002	1.350929e+002	1.337085e+002	1.350929e+002		
5.343000e+002	1.766968e+003	1.275679e+003	1.087177e+003	1.462886e+003	1.112822e+003	1.086160e+003	1.680084e+003		2.913000e+002	5.775895e+002	5.775895e+002	5.775896e+002	5.779962e+002	5.775895e+002	5.775895e+002	5.779963e+002		7.730000e+001	1.415410e+002	1.357671e+002	1.336100e+002	1.357671e+002		
5.342000e+002	1.830317e+003	1.345606e+003	1.085673e+003	1.506792e+003	1.104935e+003	1.084088e+003	1.790741e+003		2.912000e+002	5.461430e+002	5.461430e+002	5.461432e+002	5.467799e+002	5.461430e+002	5.461430e+002	5.467801e+002		7.720000e+001	1.499162e+002	1.368117e+002	1.335113e+002	1.368117e+002		
5.341000e+002	1.899698e+003	1.438495e+003	1.084458e+003	1.548241e+003	1.098113e+003	1.082019e+003	1.923252e+003		2.911000e+002	5.403671e+002	5.403671e+002	5.403675e+002	5.413526e+002	5.403671e+002	5.403671e+002	5.413530e+002		7.710000e+001	1.574539e+002	1.384180e+002	1.334125e+002	1.384180e+002		
5.340000e+002	2.029412e+003	1.560031e+003	1.083671e+003	1.585172e+003	1.092222e+003	1.079952e+003	2.081242e+003		2.910000e+002	5.653960e+002	5.653960e+002	5.653968e+002	5.668945e+002	5.653960e+002	5.653960e+002	5.668952e+002		7.700000e+001	1.457286e+002	1.407904e+002	1.333136e+002	1.407904e+002		
5.339000e+002	2.217195e+003	1.716992e+003	1.083511e+003	1.615534e+003	1.087154e+003	1.077888e+003	2.269527e+003		2.909000e+002	5.230394e+002	5.358613e+002	5.358628e+002	5.381154e+002	5.358613e+002	5.358613e+002	5.381170e+002		7.690000e+001	1.461474e+002	1.442328e+002	1.332146e+002	1.442328e+002		
5.338000e+002	2.472851e+003	1.918430e+003	1.084222e+003	1.637248e+003	1.082745e+003	1.075830e+003	2.495155e+003		2.908000e+002	5.191888e+002	5.358438e+002	5.358467e+002	5.391725e+002	5.358438e+002	5.358438e+002	5.391755e+002		7.680000e+001	1.716918e+002	1.491754e+002	1.331155e+002	1.491754e+002		
5.337000e+002	2.736802e+003	2.170822e+003	1.086149e+003	1.648790e+003	1.078877e+003	1.073779e+003	2.763300e+003		2.907000e+002	5.756642e+002	5.358019e+002	5.358075e+002	5.406682e+002	5.358019e+002	5.358019e+002	5.406738e+002		7.670000e+001	1.813233e+002	1.560394e+002	1.330165e+002	1.560394e+002		
5.336000e+002	3.091252e+003	2.482274e+003	1.089751e+003	1.649513e+003	1.075449e+003	1.071737e+003	3.081776e+003		2.906000e+002	5.705301e+002	5.357654e+002	5.357759e+002	5.427475e+002	5.357654e+002	5.357654e+002	5.427580e+002		7.660000e+001	1.767169e+002	1.656240e+002	1.329174e+002	1.656240e+002		
5.335000e+002	3.473605e+003	2.860650e+003	1.095755e+003	1.639247e+003	1.072382e+003	1.069707e+003	3.458913e+003		2.905000e+002	5.352330e+002	5.357648e+002	5.357842e+002	5.456749e+002	5.357649e+002	5.357648e+002	5.456943e+002		7.650000e+001	1.867672e+002	1.785472e+002	1.328185e+002	1.785472e+002		
5.334000e+002	3.938914e+003	3.315194e+003	1.104905e+003	1.618510e+003	1.069601e+003	1.067692e+003	3.905135e+003		2.904000e+002	5.410089e+002	5.357593e+002	5.357946e+002	5.495763e+002	5.357594e+002	5.357593e+002	5.496117e+002		7.640000e+001	2.127303e+002	1.958507e+002	1.327196e+002	1.958507e+002		
5.333000e+002	4.392157e+003	3.850502e+003	1.118211e+003	1.588098e+003	1.067041e+003	1.065694e+003	4.426769e+003		2.903000e+002	5.397253e+002	5.357551e+002	5.358185e+002	5.547743e+002	5.357554e+002	5.357551e+002	5.548380e+002		7.630000e+001	2.395310e+002	2.186375e+002	1.326210e+002	2.186375e+002		
5.332000e+002	5.024133e+003	4.467589e+003	1.136946e+003	1.550166e+003	1.064657e+003	1.063718e+003	5.028203e+003		2.902000e+002	5.615454e+002	5.357280e+002	5.358397e+002	5.614713e+002	5.357286e+002	5.357280e+002	5.615836e+002		7.620000e+001	2.558626e+002	2.479276e+002	1.325227e+002	2.479276e+002		
5.331000e+002	5.697587e+003	5.164875e+003	1.162833e+003	1.506701e+003	1.062414e+003	1.061769e+003	5.711517e+003		2.901000e+002	5.390836e+002	5.357245e+002	5.359195e+002	5.700667e+002	5.357256e+002	5.357245e+002	5.702627e+002		7.610000e+001	2.998325e+002	2.854864e+002	1.324248e+002	2.854864e+002		
5.330000e+002	6.568627e+003	5.936154e+003	1.197965e+003	1.459784e+003	1.060291e+003	1.059850e+003	6.474644e+003		2.900000e+002	5.455012e+002	5.357142e+002	5.360477e+002	5.807790e+002	5.357163e+002	5.357142e+002	5.811146e+002		7.600000e+001	3.412898e+002	3.320896e+002	1.323275e+002	3.320896e+002		
5.329000e+002	7.334842e+003	6.770190e+003	1.244408e+003	1.411435e+003	1.058266e+003	1.057968e+003	7.310395e+003		2.899000e+002	5.878578e+002	5.356594e+002	5.362255e+002	5.938497e+002	5.356633e+002	5.356594e+002	5.944197e+002		7.590000e+001	4.020101e+002	3.894180e+002	1.322310e+002	3.894180e+002		
5.328000e+002	8.217195e+003	7.644185e+003	1.304760e+003	1.363543e+003	1.056328e+003	1.056130e+003	8.200427e+003		2.898000e+002	6.430497e+002	5.355465e+002	5.364864e+002	6.094315e+002	5.355537e+002	5.355465e+002	6.103786e+002		7.580000e+001	4.811558e+002	4.582192e+002	1.321355e+002	4.582192e+002		
5.327000e+002	9.057315e+003	8.531481e+003	1.381925e+003	1.317589e+003	1.054471e+003	1.054340e+003	9.122445e+003		2.897000e+002	6.462585e+002	5.354301e+002	5.369811e+002	6.276005e+002	5.354434e+002	5.354301e+002	6.291648e+002		7.570000e+001	5.464824e+002	5.389692e+002	1.320414e+002	5.389692e+002		
5.326000e+002	1.002036e+004	9.399266e+003	1.479978e+003	1.274672e+003	1.052692e+003	1.052606e+003	1.004879e+004		2.896000e+002	6.700039e+002	5.352886e+002	5.377923e+002	6.482293e+002	5.353125e+002	5.352885e+002	6.507570e+002		7.560000e+001	6.197655e+002	6.320292e+002	1.319490e+002	6.320292e+002		
5.325000e+002	1.104676e+004	1.020741e+004	1.601620e+003	1.235541e+003	1.050990e+003	1.050935e+003	1.094276e+004		2.895000e+002	6.860480e+002	5.351300e+002	5.391418e+002	6.708834e+002	5.351729e+002	5.351300e+002	6.749380e+002		7.550000e+001	7.223618e+002	7.358524e+002	1.318585e+002	7.358524e+002		
5.324000e+002	1.169683e+004	1.091454e+004	1.749944e+003	1.200810e+003	1.049368e+003	1.049333e+003	1.176666e+004		2.894000e+002	7.251957e+002	5.349302e+002	5.412313e+002	6.949266e+002	5.350050e+002	5.349302e+002	7.013026e+002		7.540000e+001	8.450586e+002	8.490022e+002	1.317705e+002	8.490022e+002		
5.323000e+002	1.235822e+004	1.148339e+004	1.927810e+003	1.170439e+003	1.047827e+003	1.047805e+003	1.248605e+004		2.893000e+002	7.604929e+002	5.346931e+002	5.444892e+002	7.193716e+002	5.348231e+002	5.346930e+002	7.292980e+002		7.530000e+001	9.329983e+002	9.678766e+002	1.316855e+002	9.678766e+002		
5.322000e+002	1.311388e+004	1.188075e+004	2.138011e+003	1.144333e+003	1.046370e+003	1.046357e+003	1.307039e+004		2.892000e+002	7.438070e+002	5.344733e+002	5.494406e+002	7.430215e+002	5.346941e+002	5.344731e+002	7.582100e+002		7.520000e+001	1.061558e+003	1.088151e+003	1.316037e+002	1.088151e+003		
5.321000e+002	1.351885e+004	1.208103e+004	2.382077e+003	1.122253e+003	1.045001e+003	1.044993e+003	1.349539e+004		2.891000e+002	7.919394e+002	5.342027e+002	5.567873e+002	7.645004e+002	5.345752e+002	5.342024e+002	7.874583e+002		7.510000e+001	1.214405e+003	1.204193e+003	1.315258e+002	1.204193e+003		
5.320000e+002	1.373303e+004	1.206346e+004	2.658650e+003	1.103923e+003	1.043722e+003	1.043717e+003	1.373860e+004		2.890000e+002	8.009241e+002	5.339226e+002	5.674776e+002	7.821729e+002	5.345379e+002	5.339220e+002	8.163451e+002		7.500000e+001	1.285176e+003	1.310131e+003	1.314524e+002	1.310131e+003		
5.319000e+002	1.389593e+004	1.183753e+004	2.965310e+003	1.088925e+003	1.042533e+003	1.042530e+003	1.380671e+004		2.889000e+002	8.400719e+002	5.336013e+002	5.827513e+002	7.949360e+002	5.346080e+002	5.336000e+002	8.450965e+002		7.490000e+001	1.427973e+003	1.398398e+003	1.313838e+002	1.398398e+003		
5.318000e+002	1.371795e+004	1.141756e+004	3.297277e+003	1.076749e+003	1.041436e+003	1.041434e+003	1.370872e+004		2.888000e+002	8.567578e+002	5.332628e+002	6.042434e+002	8.014701e+002	5.348806e+002	5.332602e+002	8.740762e+002		7.480000e+001	1.482412e+003	1.464253e+003	1.313207e+002	1.464253e+003		
5.317000e+002	1.343891e+004	1.082908e+004	3.647450e+003	1.066979e+003	1.040428e+003	1.040427e+003	1.346265e+004		2.887000e+002	8.728020e+002	5.329082e+002	6.338306e+002	8.014806e+002	5.354761e+002	5.329032e+002	9.049859e+002		7.470000e+001	1.519682e+003	1.502048e+003	1.312632e+002	1.502048e+003		
5.316000e+002	1.308824e+004	1.010336e+004	4.004391e+003	1.059225e+003	1.039508e+003	1.039507e+003	1.308796e+004		2.886000e+002	9.292774e+002	5.324959e+002	6.740791e+002	7.946609e+002	5.365097e+002	5.324864e+002	9.402862e+002		7.460000e+001	1.527638e+003	1.509144e+003	1.312115e+002	1.509144e+003		
5.315000e+002	1.256335e+004	9.282526e+003	4.355006e+003	1.053188e+003	1.038673e+003	1.038673e+003	1.261337e+004		2.885000e+002	9.645745e+002	5.320500e+002	7.273965e+002	7.817399e+002	5.382332e+002	5.320321e+002	9.833232e+002		7.450000e+001	1.454355e+003	1.485609e+003	1.311657e+002	1.485609e+003		
5.314000e+002	1.212594e+004	8.408611e+003	4.684360e+003	1.048479e+003	1.037920e+003	1.037920e+003	1.206561e+004		2.884000e+002	1.055705e+003	5.315146e+002	7.974978e+002	7.635629e+002	5.409108e+002	5.314815e+002	1.039042e+003		7.440000e+001	1.430486e+003	1.431786e+003	1.311254e+002	1.431786e+003		
5.313000e+002	1.141403e+004	7.518730e+003	4.975628e+003	1.044835e+003	1.037245e+003	1.037245e+003	1.146470e+004		2.883000e+002	1.116031e+003	5.309279e+002	8.867998e+002	7.415344e+002	5.449778e+002	5.308668e+002	1.111639e+003		7.430000e+001	1.344640e+003	1.353301e+003	1.310906e+002	1.353301e+003		
5.312000e+002	1.082127e+004	6.645341e+003	5.211684e+003	1.042032e+003	1.036643e+003	1.036643e+003	1.082577e+004		2.882000e+002	1.205879e+003	5.302667e+002	9.999533e+002	7.170788e+002	5.510162e+002	5.301571e+002	1.207844e+003		7.420000e+001	1.252094e+003	1.254494e+003	1.310609e+002	1.254494e+003		
5.311000e+002	1.017722e+004	5.817003e+003	5.379996e+003	1.039898e+003	1.036111e+003	1.036111e+003	1.016468e+004		2.881000e+002	1.353485e+003	5.294875e+002	1.138260e+003	6.915566e+002	5.596020e+002	5.292914e+002	1.331032e+003		7.410000e+001	1.177136e+003	1.142344e+003	1.310358e+002	1.142344e+003		
5.310000e+002	9.478130e+003	5.051344e+003	5.470271e+003	1.038280e+003	1.035643e+003	1.035643e+003	9.488609e+003		2.880000e+002	1.517135e+003	5.285954e+002	1.305820e+003	6.661891e+002	5.717906e+002	5.282527e+002	1.487637e+003		7.400000e+001	1.020519e+003	1.023191e+003	1.310152e+002	1.023191e+003		
5.309000e+002	8.788839e+003	4.360251e+003	5.476731e+003	1.037049e+003	1.035235e+003	1.035235e+003	8.803562e+003		2.879000e+002	1.687845e+003	5.276280e+002	1.501722e+003	6.419984e+002	5.884575e+002	5.270334e+002	1.678706e+003		7.390000e+001	8.994975e+002	9.029451e+002	1.309983e+002	9.029451e+002		
5.308000e+002	8.168929e+003	3.749757e+003	5.395675e+003	1.036114e+003	1.034881e+003	1.034881e+003	8.111784e+003		2.878000e+002	1.897702e+003	5.266033e+002	1.726500e+003	6.195550e+002	6.112703e+002	5.255921e+002	1.907152e+003		7.380000e+001	7.663317e+002	7.864976e+002	1.309846e+002	7.864976e+002		
5.307000e+002	7.321267e+003	3.223107e+003	5.235145e+003	1.035406e+003	1.034579e+003	1.034579e+003	7.424500e+003		2.877000e+002	2.206392e+003	5.255259e+002	1.975320e+003	5.992940e+002	6.411911e+002	5.238248e+002	2.169857e+003		7.370000e+001	6.742044e+002	6.780334e+002	1.309736e+002	6.780334e+002		
5.306000e+002	6.752640e+003	2.776815e+003	5.005568e+003	1.034872e+003	1.034320e+003	1.034320e+003	6.748614e+003		2.876000e+002	2.495187e+003	5.245662e+002	2.242433e+003	5.812419e+002	6.805043e+002	5.217520e+002	2.463490e+003		7.360000e+001	5.871022e+002	5.796591e+002	1.309649e+002	5.796591e+002		
5.305000e+002	6.128959e+003	2.403808e+003	4.720304e+003	1.034466e+003	1.034102e+003	1.034102e+003	6.090372e+003		2.875000e+002	2.780131e+003	5.239709e+002	2.517518e+003	5.655600e+002	7.303678e+002	5.193773e+002	2.779285e+003		7.350000e+001	4.899497e+002	4.930303e+002	1.309580e+002	4.930303e+002		
5.304000e+002	5.522624e+003	2.096987e+003	4.394386e+003	1.034157e+003	1.033920e+003	1.033920e+003	5.457689e+003		2.874000e+002	3.049031e+003	5.241093e+002	2.787796e+003	5.519289e+002	7.930773e+002	5.167174e+002	3.106759e+003		7.340000e+001	4.007538e+002	4.186562e+002	1.309527e+002	4.186562e+002		
5.303000e+002	4.897436e+003	1.848593e+003	4.044350e+003	1.033922e+003	1.033770e+003	1.033770e+003	4.859324e+003		2.873000e+002	3.380182e+003	5.254176e+002	3.037582e+003	5.401732e+002	8.694619e+002	5.137066e+002	3.431515e+003		7.330000e+001	3.622278e+002	3.558420e+002	1.309486e+002	3.558420e+002		
5.302000e+002	4.315234e+003	1.652123e+003	3.686419e+003	1.033744e+003	1.033648e+003	1.033648e+003	4.304992e+003		2.872000e+002	3.754332e+003	5.286259e+002	3.250765e+003	5.298550e+002	9.608105e+002	5.102991e+002	3.739159e+003		7.320000e+001	2.948074e+002	3.044893e+002	1.309454e+002	3.044893e+002		
5.301000e+002	3.822021e+003	1.497356e+003	3.333805e+003	1.033609e+003	1.033548e+003	1.033548e+003	3.797673e+003		2.871000e+002	3.998203e+003	5.348231e+002	3.410721e+003	5.208822e+002	1.067035e+003	5.066316e+002	4.013566e+003		7.310000e+001	2.663317e+002	2.627375e+002	1.309428e+002	2.627375e+002		
5.300000e+002	3.275264e+003	1.377085e+003	2.997242e+003	1.033506e+003	1.033468e+003	1.033468e+003	3.340896e+003		2.870000e+002	4.247850e+003	5.455912e+002	3.506292e+003	5.129162e+002	1.187215e+003	5.026978e+002	4.243921e+003		7.300000e+001	2.244556e+002	2.297204e+002	1.309409e+002	2.297204e+002		
5.299000e+002	2.941931e+003	1.284866e+003	2.685859e+003	1.033428e+003	1.033404e+003	1.033404e+003	2.937344e+003		2.869000e+002	4.441663e+003	5.626330e+002	3.526635e+003	5.057806e+002	1.318846e+003	4.985561e+002	4.418226e+003		7.290000e+001	2.118928e+002	2.039494e+002	1.309393e+002	2.039494e+002		
5.298000e+002	2.542232e+003	1.215537e+003	2.404289e+003	1.033368e+003	1.033354e+003	1.033354e+003	2.586486e+003		2.868000e+002	4.577076e+003	5.890272e+002	3.473212e+003	4.992996e+002	1.457750e+003	4.942676e+002	4.536486e+003		7.280000e+001	1.829983e+002	1.841000e+002	1.309381e+002	1.841000e+002		
5.297000e+002	2.260935e+003	1.163982e+003	2.154989e+003	1.033323e+003	1.033314e+003	1.033314e+003	2.285665e+003		2.867000e+002	4.568733e+003	6.274864e+002	3.346216e+003	4.934363e+002	1.598164e+003	4.899834e+002	4.595352e+003		7.270000e+001	1.712730e+002	1.692245e+002	1.309371e+002	1.692245e+002		
5.296000e+002	2.002262e+003	1.125882e+003	1.938602e+003	1.033288e+003	1.033283e+003	1.033283e+003	2.031206e+003		2.866000e+002	4.570017e+003	6.832218e+002	3.159842e+003	4.880310e+002	1.732828e+003	4.856933e+002	4.606843e+003		7.260000e+001	1.587102e+002	1.580663e+002	1.309363e+002	1.580663e+002		
5.295000e+002	1.800905e+003	1.098081e+003	1.754668e+003	1.033262e+003	1.033259e+003	1.033259e+003	1.819493e+003		2.865000e+002	4.598896e+003	7.599773e+002	2.924438e+003	4.829254e+002	1.852773e+003	4.813683e+002	4.576008e+003		7.250000e+001	1.532663e+002	1.499602e+002	1.309356e+002	1.499602e+002		
5.294000e+002	1.586727e+003	1.078063e+003	1.601454e+003	1.033242e+003	1.033241e+003	1.033241e+003	1.646278e+003		2.864000e+002	4.546913e+003	8.653124e+002	2.659104e+003	4.781186e+002	1.950560e+003	4.770935e+002	4.521814e+003		7.240000e+001	1.541039e+002	1.440817e+002	1.309350e+002	1.440817e+002		
5.293000e+002	1.491704e+003	1.064007e+003	1.475183e+003	1.033227e+003	1.033226e+003	1.033226e+003	1.505965e+003		2.863000e+002	4.515467e+003	1.004656e+003	2.378671e+003	4.735098e+002	2.016744e+003	4.728472e+002	4.455040e+003		7.230000e+001	1.507538e+002	1.398954e+002	1.309345e+002	1.398954e+002		
5.292000e+002	1.426848e+003	1.054099e+003	1.372691e+003	1.033215e+003	1.033214e+003	1.033214e+003	1.393576e+003		2.862000e+002	4.344757e+003	1.187189e+003	2.098561e+003	4.692004e+002	2.047966e+003	4.687760e+002	4.396588e+003		7.220000e+001	1.503350e+002	1.369766e+002	1.309340e+002	1.369766e+002		
5.291000e+002	1.309201e+003	1.047200e+003	1.290715e+003	1.033206e+003	1.033205e+003	1.033205e+003	1.304711e+003		2.861000e+002	4.351816e+003	1.419355e+003	1.830642e+003	4.649592e+002	2.038576e+003	4.646931e+002	4.359453e+003		7.210000e+001	1.298157e+002	1.349373e+002	1.309337e+002	1.349373e+002		
5.290000e+002	1.277526e+003	1.042458e+003	1.226624e+003	1.033199e+003	1.033199e+003	1.033199e+003	1.235883e+003		2.860000e+002	4.331921e+003	1.709643e+003	1.583419e+003	4.607926e+002	1.991464e+003	4.606267e+002	4.363438e+003		7.200000e+001	1.448911e+002	1.335675e+002	1.309333e+002	1.335675e+002		
5.289000e+002	1.214178e+003	1.039265e+003	1.176829e+003	1.033194e+003	1.033194e+003	1.033194e+003	1.182900e+003		2.859000e+002	4.400590e+003	2.063811e+003	1.362595e+003	4.565851e+002	1.908184e+003	4.564839e+002	4.421723e+003		7.190000e+001	1.557789e+002	1.326367e+002	1.309330e+002	1.326367e+002		
5.288000e+002	1.169683e+003	1.037135e+003	1.138572e+003	1.033190e+003	1.033190e+003	1.033190e+003	1.142517e+003		2.858000e+002	4.532794e+003	2.485575e+003	1.170606e+003	4.522590e+002	1.796415e+003	4.521978e+002	4.548261e+003		7.180000e+001	1.528476e+002	1.320217e+002	1.309328e+002	1.320217e+002		
5.287000e+002	1.143288e+003	1.035718e+003	1.109563e+003	1.033187e+003	1.033187e+003	1.033187e+003	1.112094e+003		2.857000e+002	4.732384e+003	2.975815e+003	1.007516e+003	4.477335e+002	1.663168e+003	4.476972e+002	4.751141e+003		7.170000e+001	1.314908e+002	1.316204e+002	1.309327e+002	1.316204e+002		
5.286000e+002	1.141780e+003	1.034788e+003	1.087934e+003	1.033185e+003	1.033185e+003	1.033185e+003	1.089537e+003		2.856000e+002	5.123861e+003	3.527968e+003	8.720865e+002	4.428017e+002	1.517367e+003	4.427804e+002	5.031882e+003		7.160000e+001	1.344221e+002	1.313593e+002	1.309326e+002	1.313593e+002		
5.285000e+002	1.116893e+003	1.034186e+003	1.072081e+003	1.033184e+003	1.033184e+003	1.033184e+003	1.073083e+003		2.855000e+002	5.396611e+003	4.132203e+003	7.612576e+002	4.375838e+002	1.367155e+003	4.375715e+002	5.385485e+003		7.150000e+001	1.247906e+002	1.311958e+002	1.309326e+002	1.311958e+002		
5.284000e+002	1.055807e+003	1.033807e+003	1.060489e+003	1.033183e+003	1.033183e+003	1.033183e+003	1.061113e+003		2.854000e+002	5.759851e+003	4.767854e+003	6.725614e+002	4.319822e+002	1.219655e+003	4.319752e+002	5.796127e+003		7.140000e+001	1.423786e+002	1.310917e+002	1.309325e+002	1.310917e+002		
5.283000e+002	1.087481e+003	1.033566e+003	1.052118e+003	1.033183e+003	1.033183e+003	1.033183e+003	1.052501e+003		2.853000e+002	6.271980e+003	5.408633e+003	6.015830e+002	4.258385e+002	1.080107e+003	4.258346e+002	6.238658e+003		7.130000e+001	1.390285e+002	1.310279e+002	1.309324e+002	1.310279e+002		
5.282000e+002	1.049774e+003	1.033415e+003	1.046149e+003	1.033183e+003	1.033183e+003	1.033183e+003	1.046382e+003		2.852000e+002	6.722500e+003	6.022250e+003	5.460099e+002	4.192159e+002	9.526213e+002	4.192137e+002	6.682456e+003		7.120000e+001	1.289782e+002	1.309889e+002	1.309324e+002	1.309889e+002		
5.281000e+002	1.026395e+003	1.033321e+003	1.041995e+003	1.033183e+003	1.033183e+003	1.033183e+003	1.042134e+003		2.851000e+002	7.060711e+003	6.567327e+003	5.020575e+002	4.122315e+002	8.390725e+002	4.122303e+002	7.083998e+003		7.110000e+001	1.268844e+002	1.309653e+002	1.309324e+002	1.309653e+002		
5.280000e+002	1.023379e+003	1.023461e+003	1.029302e+003	1.023379e+003	1.023379e+003	1.023379e+003	1.029385e+003		2.850000e+002	7.429727e+003	7.011357e+003	4.678112e+002	4.048522e+002	7.407880e+002	4.048516e+002	7.410253e+003		7.100000e+001	1.369347e+002	1.369536e+002	1.369347e+002	1.369536e+002		
5.279000e+002	1.014329e+003	1.014377e+003	1.018261e+003	1.014329e+003	1.014329e+003	1.014329e+003	1.018310e+003		2.849000e+002	7.505455e+003	7.313299e+003	4.407081e+002	3.973858e+002	6.570423e+002	3.973854e+002	7.616279e+003		7.090000e+001	1.369347e+002	1.369454e+002	1.369347e+002	1.369454e+002		
5.278000e+002	1.045249e+003	1.045277e+003	1.047827e+003	1.045249e+003	1.045249e+003	1.045249e+003	1.047855e+003		2.848000e+002	7.646002e+003	7.455379e+003	4.192492e+002	3.897638e+002	5.875596e+002	3.897637e+002	7.682661e+003		7.080000e+001	1.545226e+002	1.545286e+002	1.545226e+002	1.545286e+002		
5.277000e+002	1.032428e+003	1.032444e+003	1.034100e+003	1.032428e+003	1.032428e+003	1.032428e+003	1.034116e+003		2.847000e+002	7.584392e+003	7.418470e+003	4.019161e+002	3.821987e+002	5.301803e+002	3.821987e+002	7.586169e+003		7.070000e+001	1.314908e+002	1.314941e+002	1.314908e+002	1.314941e+002		
5.276000e+002	1.029412e+003	1.029421e+003	1.030488e+003	1.029412e+003	1.029412e+003	1.029412e+003	1.030497e+003		2.846000e+002	7.358491e+003	7.210675e+003	3.878949e+002	3.748633e+002	4.841546e+002	3.748632e+002	7.332998e+003		7.060000e+001	1.398660e+002	1.398678e+002	1.398660e+002	1.398678e+002		
5.275000e+002	1.033183e+003	1.033188e+003	1.033867e+003	1.033183e+003	1.033183e+003	1.033183e+003	1.033872e+003		2.845000e+002	6.999102e+003	6.845160e+003	3.763701e+002	3.678980e+002	4.471978e+002	3.678980e+002	6.932932e+003		7.050000e+001	1.398660e+002	1.398670e+002	1.398660e+002	1.398670e+002		
5.274000e+002	1.006033e+003	1.006036e+003	1.006462e+003	1.006033e+003	1.006033e+003	1.006033e+003	1.006465e+003		2.844000e+002	6.444616e+003	6.352713e+003	3.669451e+002	3.615084e+002	4.183251e+002	3.615084e+002	6.414966e+003		7.040000e+001	1.268844e+002	1.268849e+002	1.268844e+002	1.268849e+002		
5.273000e+002	1.030166e+003	1.030167e+003	1.030432e+003	1.030166e+003	1.030166e+003	1.030166e+003	1.030433e+003		2.843000e+002	5.797715e+003	5.768761e+003	3.592295e+002	3.557924e+002	3.958175e+002	3.557923e+002	5.812224e+003		7.030000e+001	1.285595e+002	1.285597e+002	1.285595e+002	1.285597e+002		
5.272000e+002	1.021870e+003	1.021871e+003	1.022034e+003	1.021870e+003	1.021870e+003	1.021870e+003	1.022035e+003		2.842000e+002	5.152740e+003	5.131818e+003	3.528895e+002	3.507485e+002	3.785835e+002	3.507485e+002	5.161794e+003		7.020000e+001	1.507538e+002	1.507539e+002	1.507538e+002	1.507539e+002		
5.271000e+002	9.932127e+002	9.932131e+002	9.933123e+002	9.932127e+002	9.932127e+002	9.932127e+002	9.933127e+002		2.841000e+002	4.569375e+003	4.478710e+003	3.476293e+002	3.463126e+002	3.653648e+002	3.463126e+002	4.499079e+003		7.010000e+001	1.319095e+002	1.319096e+002	1.319095e+002	1.319096e+002		
									2.840000e+002	3.899371e+003	3.841472e+003	3.433724e+002	3.425767e+002	3.554397e+002	3.425767e+002	3.855131e+003		7.000000e+001	1.402848e+002	1.402848e+002	1.402848e+002	1.402848e+002		
									2.839000e+002	3.201130e+003	3.243209e+003	3.400471e+002	3.395710e+002	3.481299e+002	3.395710e+002	3.252244e+003		6.990000e+001	1.360972e+002	1.360972e+002	1.360972e+002	1.360972e+002		
									2.838000e+002	2.642151e+003	2.703010e+003	3.374289e+002	3.371498e+002	3.427596e+002	3.371498e+002	2.708899e+003		6.980000e+001	1.436348e+002	1.436348e+002	1.436348e+002	1.436348e+002		
									2.837000e+002	2.195482e+003	2.226495e+003	3.353583e+002	3.351958e+002	3.388258e+002	3.351958e+002	2.230287e+003		6.970000e+001	1.277219e+002	1.277219e+002	1.277219e+002	1.277219e+002		
									2.836000e+002	1.787960e+003	1.821569e+003	3.337606e+002	3.336683e+002	3.359775e+002	3.336683e+002	1.823970e+003		6.960000e+001	1.390285e+002	1.390285e+002	1.390285e+002	1.390285e+002		
									2.835000e+002	1.448466e+003	1.481812e+003	3.325484e+002	3.324961e+002	3.339496e+002	3.324961e+002	1.483318e+003		6.950000e+001	1.369347e+002	1.369347e+002	1.369347e+002	1.369347e+002		
									2.834000e+002	1.177641e+003	1.206479e+003	3.316364e+002	3.316075e+002	3.325046e+002	3.316075e+002	1.207405e+003		6.940000e+001	1.415410e+002	1.415410e+002	1.415410e+002	1.415410e+002		
									2.833000e+002	9.658580e+002	9.854050e+002	3.309564e+002	3.309406e+002	3.314900e+002	3.309406e+002	9.859704e+002		6.930000e+001	1.360972e+002	1.360972e+002	1.360972e+002	1.360972e+002		
									2.832000e+002	8.214607e+002	8.131871e+002	3.304333e+002	3.304248e+002	3.307539e+002	3.304248e+002	8.135247e+002		6.920000e+001	1.310720e+002	1.310720e+002	1.310720e+002	1.310720e+002		
									2.831000e+002	7.117186e+002	6.803228e+002	3.300284e+002	3.300239e+002	3.302199e+002	3.300239e+002	6.805234e+002		6.910000e+001	1.474037e+002	1.474037e+002	1.474037e+002	1.474037e+002		
									2.830000e+002	6.013349e+002	5.803740e+002	3.297410e+002	3.297386e+002	3.298527e+002	3.297386e+002	5.804906e+002		6.900000e+001	1.310720e+002	1.310720e+002	1.310720e+002	1.310720e+002		
									2.829000e+002	5.705301e+002	5.060846e+002	3.294866e+002	3.294854e+002	3.295514e+002	3.294854e+002	5.061518e+002		6.890000e+001	1.360972e+002	1.360972e+002	1.360972e+002	1.360972e+002		
									2.828000e+002	5.333077e+002	4.518927e+002	3.292717e+002	3.292711e+002	3.293085e+002	3.292711e+002	4.519307e+002		6.880000e+001	1.327471e+002	1.327471e+002	1.327471e+002	1.327471e+002		
									2.827000e+002	4.620716e+002	4.130934e+002	3.291318e+002	3.291314e+002	3.291524e+002	3.291314e+002	4.131147e+002		6.870000e+001	1.302345e+002	1.302345e+002	1.302345e+002	1.302345e+002		
									2.826000e+002	4.357592e+002	3.856055e+002	3.290195e+002	3.290193e+002	3.290309e+002	3.290193e+002	3.856172e+002		6.860000e+001	1.293970e+002	1.293970e+002	1.293970e+002	1.293970e+002		
									2.825000e+002	4.319086e+002	3.665837e+002	3.289112e+002	3.289111e+002	3.289174e+002	3.289111e+002	3.665901e+002		6.850000e+001	1.344221e+002	1.344221e+002	1.344221e+002	1.344221e+002		
									2.824000e+002	3.844179e+002	3.534946e+002	3.288528e+002	3.288528e+002	3.288561e+002	3.288528e+002	3.534980e+002		6.840000e+001	1.436348e+002	1.436348e+002	1.436348e+002	1.436348e+002		
									2.823000e+002	3.972532e+002	3.447382e+002	3.287809e+002	3.287808e+002	3.287826e+002	3.287808e+002	3.447399e+002		6.830000e+001	1.411223e+002	1.411223e+002	1.411223e+002	1.411223e+002		
									2.822000e+002	4.055962e+002	3.388280e+002	3.287001e+002	3.287001e+002	3.287010e+002	3.287001e+002	3.388289e+002		6.820000e+001	1.273032e+002	1.273032e+002	1.273032e+002	1.273032e+002		
									2.821000e+002	3.709408e+002	3.350371e+002	3.286557e+002	3.286557e+002	3.286561e+002	3.286557e+002	3.350376e+002		6.810000e+001	1.335846e+002	1.335846e+002	1.335846e+002	1.335846e+002		
									2.820000e+002	3.478372e+002	3.325708e+002	3.286355e+002	3.286355e+002	3.286357e+002	3.286355e+002	3.325711e+002		6.800000e+001	1.582915e+002	1.582915e+002	1.582915e+002	1.582915e+002		
									2.819000e+002	3.632396e+002	3.310082e+002	3.285991e+002	3.285991e+002	3.285992e+002	3.285991e+002	3.310084e+002		6.790000e+001	1.289782e+002	1.289782e+002	1.289782e+002	1.289782e+002		
									2.818000e+002	3.279425e+002	3.300429e+002	3.285984e+002	3.285984e+002	3.285985e+002	3.285984e+002	3.300430e+002		6.780000e+001	1.331658e+002	1.331658e+002	1.331658e+002	1.331658e+002		
									2.817000e+002	3.151072e+002	3.294427e+002	3.285843e+002	3.285843e+002	3.285843e+002	3.285843e+002	3.294427e+002		6.770000e+001	1.252094e+002	1.252094e+002	1.252094e+002	1.252094e+002		
									2.816000e+002	3.427031e+002	3.432036e+002	3.427031e+002	3.427031e+002	3.427031e+002	3.427031e+002	3.432036e+002		6.760000e+001	1.340034e+002	1.340034e+002	1.340034e+002	1.340034e+002		
									2.815000e+002	3.298678e+002	3.301564e+002	3.298678e+002	3.298678e+002	3.298678e+002	3.298678e+002	3.301564e+002		6.750000e+001	1.247906e+002	1.247906e+002	1.247906e+002	1.247906e+002		
									2.814000e+002	3.375690e+002	3.377327e+002	3.375690e+002	3.375690e+002	3.375690e+002	3.375690e+002	3.377327e+002		6.740000e+001	1.377722e+002	1.377722e+002	1.377722e+002	1.377722e+002		
									2.813000e+002	3.362855e+002	3.363770e+002	3.362855e+002	3.362855e+002	3.362855e+002	3.362855e+002	3.363770e+002		6.730000e+001	1.381910e+002	1.381910e+002	1.381910e+002	1.381910e+002		
									2.812000e+002	3.414196e+002	3.414701e+002	3.414196e+002	3.414196e+002	3.414196e+002	3.414196e+002	3.414701e+002		6.720000e+001	1.327471e+002	1.327471e+002	1.327471e+002	1.327471e+002		
									2.811000e+002	3.459119e+002	3.459393e+002	3.459119e+002	3.459119e+002	3.459119e+002	3.459119e+002	3.459393e+002		6.710000e+001	1.314908e+002	1.314908e+002	1.314908e+002	1.314908e+002		
									2.810000e+002	3.183160e+002	3.183307e+002	3.183160e+002	3.183160e+002	3.183160e+002	3.183160e+002	3.183307e+002		6.700000e+001	1.298157e+002	1.298157e+002	1.298157e+002	1.298157e+002		
									2.809000e+002	3.266590e+002	3.266667e+002	3.266590e+002	3.266590e+002	3.266590e+002	3.266590e+002	3.266667e+002		6.690000e+001	1.390285e+002	1.390285e+002	1.390285e+002	1.390285e+002		
									2.808000e+002	3.106148e+002	3.106188e+002	3.106148e+002	3.106148e+002	3.106148e+002	3.106148e+002	3.106188e+002		6.680000e+001	1.331658e+002	1.331658e+002	1.331658e+002	1.331658e+002		
									2.807000e+002	3.195995e+002	3.196016e+002	3.195995e+002	3.195995e+002	3.195995e+002	3.195995e+002	3.196016e+002		6.670000e+001	1.302345e+002	1.302345e+002	1.302345e+002	1.302345e+002		
									2.806000e+002	3.350019e+002	3.350030e+002	3.350019e+002	3.350019e+002	3.350019e+002	3.350019e+002	3.350030e+002		6.660000e+001	1.222781e+002	1.222781e+002	1.222781e+002	1.222781e+002		
									2.805000e+002	3.157489e+002	3.157495e+002	3.157489e+002	3.157489e+002	3.157489e+002	3.157489e+002	3.157495e+002		6.650000e+001	1.340034e+002	1.340034e+002	1.340034e+002	1.340034e+002		
									2.804000e+002	3.106148e+002	3.106151e+002	3.106148e+002	3.106148e+002	3.106148e+002	3.106148e+002	3.106151e+002		6.640000e+001	1.394472e+002	1.394472e+002	1.394472e+002	1.394472e+002		
									2.803000e+002	3.202413e+002	3.202414e+002	3.202413e+002	3.202413e+002	3.202413e+002	3.202413e+002	3.202414e+002		6.630000e+001	1.260469e+002	1.260469e+002	1.260469e+002	1.260469e+002		
									2.802000e+002	3.163907e+002	3.163908e+002	3.163907e+002	3.163907e+002	3.163907e+002	3.163907e+002	3.163908e+002		6.620000e+001	1.252094e+002	1.252094e+002	1.252094e+002	1.252094e+002		
									2.801000e+002	3.298678e+002	3.298678e+002	3.298678e+002	3.298678e+002	3.298678e+002	3.298678e+002	3.298678e+002		6.610000e+001	1.323283e+002	1.323283e+002	1.323283e+002	1.323283e+002		
									2.800000e+002	3.208831e+002	3.208831e+002	3.208831e+002	3.208831e+002	3.208831e+002	3.208831e+002	3.208831e+002		6.600000e+001	1.360972e+002	1.360972e+002	1.360972e+002	1.360972e+002		
									2.799000e+002	3.151072e+002	3.151072e+002	3.151072e+002	3.151072e+002	3.151072e+002	3.151072e+002	3.151072e+002		6.590000e+001	1.482412e+002	1.482412e+002	1.482412e+002	1.482412e+002		
									2.798000e+002	2.785265e+002	2.785265e+002	2.785265e+002	2.785265e+002	2.785265e+002	2.785265e+002	2.785265e+002		6.580000e+001	1.310720e+002	1.310720e+002	1.310720e+002	1.310720e+002		
									2.797000e+002	3.080477e+002	3.080477e+002	3.080477e+002	3.080477e+002	3.080477e+002	3.080477e+002	3.080477e+002		6.570000e+001	1.494975e+002	1.494975e+002	1.494975e+002	1.494975e+002		
									2.796000e+002	3.195995e+002	3.195995e+002	3.195995e+002	3.195995e+002	3.195995e+002	3.195995e+002	3.195995e+002		6.560000e+001	1.327471e+002	1.327471e+002	1.327471e+002	1.327471e+002		
									2.795000e+002	3.401361e+002	3.401361e+002	3.401361e+002	3.401361e+002	3.401361e+002	3.401361e+002	3.401361e+002		6.550000e+001	1.411223e+002	1.411223e+002	1.411223e+002	1.411223e+002		
									2.794000e+002	3.163907e+002	3.163907e+002	3.163907e+002	3.163907e+002	3.163907e+002	3.163907e+002	3.163907e+002		6.540000e+001	1.377722e+002	1.377722e+002	1.377722e+002	1.377722e+002		
									2.793000e+002	3.176742e+002	3.176742e+002	3.176742e+002	3.176742e+002	3.176742e+002	3.176742e+002	3.176742e+002		6.530000e+001	1.298157e+002	1.298157e+002	1.298157e+002	1.298157e+002		
																		6.520000e+001	1.411223e+002	1.411223e+002	1.411223e+002	1.411223e+002		
																		6.510000e+001	1.398660e+002	1.398660e+002	1.398660e+002	1.398660e+002		
																		6.500000e+001	1.478224e+002	1.478224e+002	1.478224e+002	1.478224e+002		
																		6.490000e+001	1.419598e+002	1.419598e+002	1.419598e+002	1.419598e+002		
																		6.480000e+001	1.402848e+002	1.402848e+002	1.402848e+002	1.402848e+002		
																		6.470000e+001	1.532663e+002	1.532663e+002	1.532663e+002	1.532663e+002		
																		6.460000e+001	1.494975e+002	1.494975e+002	1.494975e+002	1.494975e+002		
																		6.450000e+001	1.277219e+002	1.277219e+002	1.277219e+002	1.277219e+002		
																		6.440000e+001	1.323283e+002	1.323283e+002	1.323283e+002	1.323283e+002		